ISO-10303-21;
HEADER;
FILE_DESCRIPTION(('FreeCAD Model'),'2;1');
FILE_NAME('Open CASCADE Shape Model','2026-05-09T20:32:33',(''),(''),
  'Open CASCADE STEP processor 7.8','FreeCAD','Unknown');
FILE_SCHEMA(('AUTOMOTIVE_DESIGN { 1 0 10303 214 1 1 1 1 }'));
ENDSEC;
DATA;
#1 = APPLICATION_PROTOCOL_DEFINITION('international standard',
  'automotive_design',2000,#2);
#2 = APPLICATION_CONTEXT(
  'core data for automotive mechanical design processes');
#3 = SHAPE_DEFINITION_REPRESENTATION(#4,#10);
#4 = PRODUCT_DEFINITION_SHAPE('','',#5);
#5 = PRODUCT_DEFINITION('design','',#6,#9);
#6 = PRODUCT_DEFINITION_FORMATION('','',#7);
#7 = PRODUCT('Unnamed','Unnamed','',(#8));
#8 = PRODUCT_CONTEXT('',#2,'mechanical');
#9 = PRODUCT_DEFINITION_CONTEXT('part definition',#2,'design');
#10 = SHAPE_REPRESENTATION('',(#11,#15,#19),#23);
#11 = AXIS2_PLACEMENT_3D('',#12,#13,#14);
#12 = CARTESIAN_POINT('',(0.,0.,0.));
#13 = DIRECTION('',(0.,0.,1.));
#14 = DIRECTION('',(1.,0.,-0.));
#15 = AXIS2_PLACEMENT_3D('',#16,#17,#18);
#16 = CARTESIAN_POINT('',(0.,0.,0.));
#17 = DIRECTION('',(0.,0.,1.));
#18 = DIRECTION('',(1.,0.,0.));
#19 = AXIS2_PLACEMENT_3D('',#20,#21,#22);
#20 = CARTESIAN_POINT('',(60.,5.021051876504E-15,28.5));
#21 = DIRECTION('',(0.,-1.224646799147E-16,-1.));
#22 = DIRECTION('',(1.,0.,0.));
#23 = ( GEOMETRIC_REPRESENTATION_CONTEXT(3) 
GLOBAL_UNCERTAINTY_ASSIGNED_CONTEXT((#27)) GLOBAL_UNIT_ASSIGNED_CONTEXT(
(#24,#25,#26)) REPRESENTATION_CONTEXT('Context #1',
  '3D Context with UNIT and UNCERTAINTY') );
#24 = ( LENGTH_UNIT() NAMED_UNIT(*) SI_UNIT(.MILLI.,.METRE.) );
#25 = ( NAMED_UNIT(*) PLANE_ANGLE_UNIT() SI_UNIT($,.RADIAN.) );
#26 = ( NAMED_UNIT(*) SI_UNIT($,.STERADIAN.) SOLID_ANGLE_UNIT() );
#27 = UNCERTAINTY_MEASURE_WITH_UNIT(LENGTH_MEASURE(5.E-05),#24,
  'distance_accuracy_value','confusion accuracy');
#28 = PRODUCT_RELATED_PRODUCT_CATEGORY('part',$,(#7));
#29 = SHAPE_DEFINITION_REPRESENTATION(#30,#36);
#30 = PRODUCT_DEFINITION_SHAPE('','',#31);
#31 = PRODUCT_DEFINITION('design','',#32,#35);
#32 = PRODUCT_DEFINITION_FORMATION('','',#33);
#33 = PRODUCT('ContainerBody','ContainerBody','',(#34));
#34 = PRODUCT_CONTEXT('',#2,'mechanical');
#35 = PRODUCT_DEFINITION_CONTEXT('part definition',#2,'design');
#36 = ADVANCED_BREP_SHAPE_REPRESENTATION('',(#11,#37),#1211);
#37 = MANIFOLD_SOLID_BREP('',#38);
#38 = CLOSED_SHELL('',(#39,#118,#261,#382,#428,#453,#554,#699,#731,#751,
    #803,#855,#956,#976,#1006,#1072,#1093,#1118,#1143,#1168,#1177,#1202)
  );
#39 = ADVANCED_FACE('',(#40),#103,.T.);
#40 = FACE_BOUND('',#41,.T.);
#41 = EDGE_LOOP('',(#42,#56,#63));
#42 = ORIENTED_EDGE('',*,*,#43,.F.);
#43 = EDGE_CURVE('',#44,#46,#48,.T.);
#44 = VERTEX_POINT('',#45);
#45 = CARTESIAN_POINT('',(10.791637049295,18.691663668726,
    23.238292871669));
#46 = VERTEX_POINT('',#47);
#47 = CARTESIAN_POINT('',(-1.259050806139,19.960330434829,
    23.517447071156));
#48 = ( BOUNDED_CURVE() B_SPLINE_CURVE(6,(#49,#50,#51,#52,#53,#54,#55),
.UNSPECIFIED.,.F.,.F.) B_SPLINE_CURVE_WITH_KNOTS((7,7),(0.,
1.304545336578),.PIECEWISE_BEZIER_KNOTS.) CURVE() 
GEOMETRIC_REPRESENTATION_ITEM() RATIONAL_B_SPLINE_CURVE((1.066784588776,
    1.066784588776,1.066784588776,1.066784588776,1.066784588776,
1.066784588776,1.066784588776)) REPRESENTATION_ITEM('') );
#49 = CARTESIAN_POINT('',(10.791637049304,18.691663668724,
    23.238292871654));
#50 = CARTESIAN_POINT('',(7.984720731583,19.875617095997,23.304959880945
    ));
#51 = CARTESIAN_POINT('',(5.033521530851,20.556252187642,23.371626871463
    ));
#52 = CARTESIAN_POINT('',(2.050332636878,20.714652790426,23.4382938747)
  );
#53 = CARTESIAN_POINT('',(-0.850206063256,20.365347554878,
    23.504960882885));
#54 = CARTESIAN_POINT('',(-3.566931855603,19.555270772369,
    23.571627873462));
#55 = CARTESIAN_POINT('',(-6.021325933496,18.352054448595,
    23.638294886507));
#56 = ORIENTED_EDGE('',*,*,#57,.F.);
#57 = EDGE_CURVE('',#58,#44,#60,.T.);
#58 = VERTEX_POINT('',#59);
#59 = CARTESIAN_POINT('',(9.99999996378,17.320508015479,22.500000000757)
  );
#60 = B_SPLINE_CURVE_WITH_KNOTS('',1,(#61,#62),.UNSPECIFIED.,.F.,.F.,(2,
    2),(-1.746949759956,-0.),.PIECEWISE_BEZIER_KNOTS.);
#61 = CARTESIAN_POINT('',(9.99999996378,17.320508015479,22.500000000757)
  );
#62 = CARTESIAN_POINT('',(10.791637049286,18.691663668729,
    23.238292871683));
#63 = ORIENTED_EDGE('',*,*,#64,.T.);
#64 = EDGE_CURVE('',#58,#46,#65,.T.);
#65 = B_SPLINE_CURVE_WITH_KNOTS('',8,(#66,#67,#68,#69,#70,#71,#72,#73,
    #74,#75,#76,#77,#78,#79,#80,#81,#82,#83,#84,#85,#86,#87,#88,#89,#90,
    #91,#92,#93,#94,#95,#96,#97,#98,#99,#100,#101,#102),.UNSPECIFIED.,
  .F.,.F.,(9,7,7,7,7,9),(0.,3.09991475439E-02,0.251994094088,
    0.500991977668,0.750994798107,1.),.UNSPECIFIED.);
#66 = CARTESIAN_POINT('',(9.99999996378,17.320508015479,22.500000000757)
  );
#67 = CARTESIAN_POINT('',(9.960630746953,17.343237843409,22.503942583175
    ));
#68 = CARTESIAN_POINT('',(9.921202907087,17.365865826204,22.507885420808
    ));
#69 = CARTESIAN_POINT('',(9.881714857579,17.388389845889,22.511827347462
    ));
#70 = CARTESIAN_POINT('',(9.842170825886,17.410813758862,22.515770785152
    ));
#71 = CARTESIAN_POINT('',(9.802566202656,17.43313232487,22.519712693393)
  );
#72 = CARTESIAN_POINT('',(9.762905364866,17.455349526891,22.523655572944
    ));
#73 = CARTESIAN_POINT('',(9.723186435143,17.477462977429,22.527598089011
    ));
#74 = CARTESIAN_POINT('',(9.399844751376,17.656385519808,22.55964755028)
  );
#75 = CARTESIAN_POINT('',(9.113373028528,17.808046528584,22.587754410141
    ));
#76 = CARTESIAN_POINT('',(8.824108940373,17.954393333579,22.615861250317
    ));
#77 = CARTESIAN_POINT('',(8.532167591195,18.095366083814,22.643968072508
    ));
#78 = CARTESIAN_POINT('',(8.237665517869,18.230907970841,22.67207487483)
  );
#79 = CARTESIAN_POINT('',(7.940720689861,18.360965228745,22.700181651816
    ));
#80 = CARTESIAN_POINT('',(7.641452509227,18.485487134145,22.728288394417
    ));
#81 = CARTESIAN_POINT('',(7.000310849398,18.738435981887,22.788063269858
    ));
#82 = CARTESIAN_POINT('',(6.657843368404,18.865358573764,22.819731407667
    ));
#83 = CARTESIAN_POINT('',(6.312752297485,18.985125568088,22.851399490005
    ));
#84 = CARTESIAN_POINT('',(5.965212184081,19.097673924224,22.883067506411
    ));
#85 = CARTESIAN_POINT('',(5.615399193219,19.202945774646,22.914735449384
    ));
#86 = CARTESIAN_POINT('',(5.26349110751,19.300888424927,22.946403314384)
  );
#87 = CARTESIAN_POINT('',(4.909667327152,19.391454353745,22.97807109983)
  );
#88 = CARTESIAN_POINT('',(4.197115405332,19.558083646534,23.041534322876
    ));
#89 = CARTESIAN_POINT('',(3.838372655398,19.634087139385,23.07332977548)
  );
#90 = CARTESIAN_POINT('',(3.478063849701,19.702568854979,23.105125168339
    ));
#91 = CARTESIAN_POINT('',(3.116373076164,19.763491398398,23.136920505235
    ));
#92 = CARTESIAN_POINT('',(2.753485281062,19.816822816266,23.1687157903)
  );
#93 = CARTESIAN_POINT('',(2.389586269021,19.862536596748,23.200511028021
    ));
#94 = CARTESIAN_POINT('',(2.024862703021,19.900611669548,23.232306223238
    ));
#95 = CARTESIAN_POINT('',(1.295599451344,19.961331750483,23.295769662724
    ));
#96 = CARTESIAN_POINT('',(0.931064252429,19.984037773826,23.327437922699
    ));
#97 = CARTESIAN_POINT('',(0.566081790898,19.999135061888,23.359106164463
    ));
#98 = CARTESIAN_POINT('',(0.200837403382,20.006613621383,23.390774389301
    ));
#99 = CARTESIAN_POINT('',(-0.16448352012,20.006468879792,23.422442596381
    ));
#100 = CARTESIAN_POINT('',(-0.529695536234,19.998701685365,
    23.454110782764));
#101 = CARTESIAN_POINT('',(-0.894613148215,19.98331830712,
    23.485778943395));
#102 = CARTESIAN_POINT('',(-1.259050805946,19.960330434841,
    23.517447071109));
#103 = B_SPLINE_SURFACE_WITH_KNOTS('',1,6,(
    (#104,#105,#106,#107,#108,#109,#110)
    ,(#111,#112,#113,#114,#115,#116,#117
    )),.UNSPECIFIED.,.F.,.F.,.F.,(2,2),(7,7),(-1.746949759956,-0.),(0.,
    1.304545336578),.PIECEWISE_BEZIER_KNOTS.);
#104 = CARTESIAN_POINT('',(10.791637049286,18.691663668729,
    23.238292871683));
#105 = CARTESIAN_POINT('',(7.98472073154,19.875617095924,23.304959880981
    ));
#106 = CARTESIAN_POINT('',(5.033521530895,20.556252187933,23.37162687101
    ));
#107 = CARTESIAN_POINT('',(2.05033263679,20.714652789985,23.43829387578)
  );
#108 = CARTESIAN_POINT('',(-0.850206063214,20.365347555198,
    23.504960881833));
#109 = CARTESIAN_POINT('',(-3.566931855659,19.555270772131,
    23.571627873855));
#110 = CARTESIAN_POINT('',(-6.021325933508,18.352054448621,
    23.638294886565));
#111 = CARTESIAN_POINT('',(9.99999996378,17.320508015479,22.500000000757
    ));
#112 = CARTESIAN_POINT('',(7.38453338713,18.393927882975,22.566667010317
    ));
#113 = CARTESIAN_POINT('',(4.643304032017,18.996107176719,
    22.633334000593));
#114 = CARTESIAN_POINT('',(1.881888955476,19.112008244488,
    22.700001005721));
#115 = CARTESIAN_POINT('',(-0.792886060888,18.758164749522,
    22.766668011908));
#116 = CARTESIAN_POINT('',(-3.287918517259,17.981174418339,
    22.833335004178));
#117 = CARTESIAN_POINT('',(-5.532065358461,16.846271863863,
    22.900002017152));
#118 = ADVANCED_FACE('',(#119),#211,.T.);
#119 = FACE_BOUND('',#120,.T.);
#120 = EDGE_LOOP('',(#121,#135,#145,#146));
#121 = ORIENTED_EDGE('',*,*,#122,.F.);
#122 = EDGE_CURVE('',#123,#125,#127,.T.);
#123 = VERTEX_POINT('',#124);
#124 = CARTESIAN_POINT('',(10.791637049288,18.691663668741,
    23.761707129888));
#125 = VERTEX_POINT('',#126);
#126 = CARTESIAN_POINT('',(-1.259050716632,19.960330440475,
    24.040861329313));
#127 = B_SPLINE_CURVE_WITH_KNOTS('',6,(#128,#129,#130,#131,#132,#133,
    #134),.UNSPECIFIED.,.F.,.F.,(7,7),(0.,1.304545336578),
  .PIECEWISE_BEZIER_KNOTS.);
#128 = CARTESIAN_POINT('',(10.791637049286,18.691663668729,
    23.761707129888));
#129 = CARTESIAN_POINT('',(7.984720750352,19.875617085163,
    23.828374139186));
#130 = CARTESIAN_POINT('',(5.033521572131,20.556252172706,
    23.895041129215));
#131 = CARTESIAN_POINT('',(2.050332702092,20.714652777732,
    23.961708133925));
#132 = CARTESIAN_POINT('',(-0.850205974621,20.365347553759,
    24.028375140009));
#133 = CARTESIAN_POINT('',(-3.566931746959,19.555270788782,
    24.095042132031));
#134 = CARTESIAN_POINT('',(-6.021325809862,18.352054489332,
    24.161709144741));
#135 = ORIENTED_EDGE('',*,*,#136,.F.);
#136 = EDGE_CURVE('',#44,#123,#137,.T.);
#137 = ( BOUNDED_CURVE() B_SPLINE_CURVE(6,(#138,#139,#140,#141,#142,#143
,#144),.UNSPECIFIED.,.F.,.F.) B_SPLINE_CURVE_WITH_KNOTS((7,7),(
2.007128639793,4.276056667386),.PIECEWISE_BEZIER_KNOTS.) CURVE() 
GEOMETRIC_REPRESENTATION_ITEM() RATIONAL_B_SPLINE_CURVE((1.066784588776,
    1.020271475493,0.995708563644,0.987595810361,0.995708563644,
1.020271475493,1.066784588776)) REPRESENTATION_ITEM('') );
#138 = CARTESIAN_POINT('',(10.791637049304,18.691663668724,
    23.238292871654));
#139 = CARTESIAN_POINT('',(10.843373697731,18.781274172477,
    23.286543262424));
#140 = CARTESIAN_POINT('',(10.880907547631,18.846284707484,
    23.380120351358));
#141 = CARTESIAN_POINT('',(10.89467411142,18.87012909539,23.500000000786
    ));
#142 = CARTESIAN_POINT('',(10.880907547631,18.846284707484,
    23.619879650127));
#143 = CARTESIAN_POINT('',(10.843373697731,18.781274172419,
    23.713456739119));
#144 = CARTESIAN_POINT('',(10.791637049289,18.691663668724,
    23.761707129888));
#145 = ORIENTED_EDGE('',*,*,#43,.T.);
#146 = ORIENTED_EDGE('',*,*,#147,.T.);
#147 = EDGE_CURVE('',#46,#125,#148,.T.);
#148 = B_SPLINE_CURVE_WITH_KNOTS('',7,(#149,#150,#151,#152,#153,#154,
    #155,#156,#157,#158,#159,#160,#161,#162,#163,#164,#165,#166,#167,
    #168,#169,#170,#171,#172,#173,#174,#175,#176,#177,#178,#179,#180,
    #181,#182,#183,#184,#185,#186,#187,#188,#189,#190,#191,#192,#193,
    #194,#195,#196,#197,#198,#199,#200,#201,#202,#203,#204,#205,#206,
    #207,#208,#209,#210),.UNSPECIFIED.,.F.,.F.,(8,6,6,6,6,6,6,6,6,6,8),(
    0.,0.25649446233,0.404597496647,0.443400809504,0.46345914216,
    0.503877767867,0.54806598444,0.571200654313,0.61876609681,
    0.781111188811,1.),.UNSPECIFIED.);
#149 = CARTESIAN_POINT('',(-1.259050806139,19.960330434829,
    23.517447071156));
#150 = CARTESIAN_POINT('',(-1.374877945531,19.953024330669,
    23.527511971317));
#151 = CARTESIAN_POINT('',(-1.489583345161,19.945001652162,
    23.538814621924));
#152 = CARTESIAN_POINT('',(-1.603043041133,19.936296898322,
    23.551459026823));
#153 = CARTESIAN_POINT('',(-1.714941853212,19.926959118715,
    23.565573593175));
#154 = CARTESIAN_POINT('',(-1.824636007863,19.91708151869,
    23.581350365999));
#155 = CARTESIAN_POINT('',(-1.931269606203,19.906799979367,
    23.59899978315));
#156 = CARTESIAN_POINT('',(-2.091974763808,19.890378031631,
    23.630527306838));
#157 = CARTESIAN_POINT('',(-2.14905527748,19.884340127603,
    23.642815973377));
#158 = CARTESIAN_POINT('',(-2.204218260263,19.878314747838,
    23.655963279792));
#159 = CARTESIAN_POINT('',(-2.256962862338,19.872377511899,
    23.670075210418));
#160 = CARTESIAN_POINT('',(-2.306419278213,19.866655006538,
    23.685250338686));
#161 = CARTESIAN_POINT('',(-2.351360126066,19.861334842398,
    23.701569358292));
#162 = CARTESIAN_POINT('',(-2.400147776688,19.855462591623,
    23.723707973602));
#163 = CARTESIAN_POINT('',(-2.409838227027,19.854290102356,
    23.728384950106));
#164 = CARTESIAN_POINT('',(-2.419056446892,19.853169282851,
    23.733142428923));
#165 = CARTESIAN_POINT('',(-2.427764631832,19.852105705418,
    23.737979039361));
#166 = CARTESIAN_POINT('',(-2.435922439136,19.851105296411,
    23.742892165946));
#167 = CARTESIAN_POINT('',(-2.443488295411,19.850174148881,
    23.747877760887));
#168 = CARTESIAN_POINT('',(-2.454004227091,19.848875945271,
    23.755541857074));
#169 = CARTESIAN_POINT('',(-2.457418498581,19.848453682254,
    23.758171369577));
#170 = CARTESIAN_POINT('',(-2.460657655764,19.848052402727,
    23.760817879273));
#171 = CARTESIAN_POINT('',(-2.463716007873,19.847672937119,
    23.763480435222));
#172 = CARTESIAN_POINT('',(-2.46658803625,19.847316089721,
    23.766157950315));
#173 = CARTESIAN_POINT('',(-2.469268394349,19.846982638683,
    23.768849201282));
#174 = CARTESIAN_POINT('',(-2.476756321583,19.846050074413,23.7770007842
    ));
#175 = CARTESIAN_POINT('',(-2.480962268045,19.845524757896,
    23.782499645183));
#176 = CARTESIAN_POINT('',(-2.484327147762,19.84510356107,
    23.788037281818));
#177 = CARTESIAN_POINT('',(-2.486815496334,19.844791619402,
    23.793600149301));
#178 = CARTESIAN_POINT('',(-2.488401479984,19.844592663398,
    23.799173381383));
#179 = CARTESIAN_POINT('',(-2.489071391213,19.844508652787,
    23.804740883919));
#180 = CARTESIAN_POINT('',(-2.488558025093,19.8445730372,23.816347077662
    ));
#181 = CARTESIAN_POINT('',(-2.487196015096,19.844743845702,
    23.822382731142));
#182 = CARTESIAN_POINT('',(-2.484740401158,19.845051758467,
    23.828369631238));
#183 = CARTESIAN_POINT('',(-2.481212351492,19.845493642222,
    23.834287807651));
#184 = CARTESIAN_POINT('',(-2.476649869548,19.846063909436,
    23.840120001023));
#185 = CARTESIAN_POINT('',(-2.471103747734,19.846755119599,
    23.84585158658));
#186 = CARTESIAN_POINT('',(-2.461246044369,19.847979231172,
    23.854412269713));
#187 = CARTESIAN_POINT('',(-2.457604881222,19.848430701254,
    23.857323402714));
#188 = CARTESIAN_POINT('',(-2.453718493593,19.848911750497,
    23.860202384822));
#189 = CARTESIAN_POINT('',(-2.449595499756,19.849421114934,
    23.863047946936));
#190 = CARTESIAN_POINT('',(-2.445244674348,19.849957506889,
    23.865859062816));
#191 = CARTESIAN_POINT('',(-2.440674948372,19.850519614971,
    23.868634949074));
#192 = CARTESIAN_POINT('',(-2.4260685607,19.852311939917,23.877008810379
    ));
#193 = CARTESIAN_POINT('',(-2.415354969209,19.853620831199,
    23.882490905273));
#194 = CARTESIAN_POINT('',(-2.403831217382,19.855021489562,
    23.887817216036));
#195 = CARTESIAN_POINT('',(-2.391571577378,19.856502973857,
    23.892986534589));
#196 = CARTESIAN_POINT('',(-2.378645605645,19.858055023344,
    23.898000027465));
#197 = CARTESIAN_POINT('',(-2.365115737717,19.859668390883,
    23.902860684675));
#198 = CARTESIAN_POINT('',(-2.302975671657,19.867024062677,
    23.92365553063));
#199 = CARTESIAN_POINT('',(-2.248627840514,19.873319782141,
    23.937964921086));
#200 = CARTESIAN_POINT('',(-2.18994858314,19.879925955575,
    23.950760567459));
#201 = CARTESIAN_POINT('',(-2.128176608346,19.886652683267,
    23.96221874262));
#202 = CARTESIAN_POINT('',(-2.064186146835,19.893374247533,
    23.972509335832));
#203 = CARTESIAN_POINT('',(-1.998440322235,19.900020552502,
    23.981776572179));
#204 = CARTESIAN_POINT('',(-1.840230894781,19.915367918379,
    24.001433410028));
#205 = CARTESIAN_POINT('',(-1.746752534605,19.923947787795,
    24.011050413068));
#206 = CARTESIAN_POINT('',(-1.651419038991,19.932169351483,
    24.019271881402));
#207 = CARTESIAN_POINT('',(-1.554700753949,19.939959810426,
    24.026253474296));
#208 = CARTESIAN_POINT('',(-1.456942872268,19.947269175152,
    24.032121601493));
#209 = CARTESIAN_POINT('',(-1.35835488751,19.954066566842,
    24.036967379809));
#210 = CARTESIAN_POINT('',(-1.259050717141,19.960330440443,
    24.040861329399));
#211 = ( BOUNDED_SURFACE() B_SPLINE_SURFACE(6,6,(
    (#212,#213,#214,#215,#216,#217,#218)
    ,(#219,#220,#221,#222,#223,#224,#225)
    ,(#226,#227,#228,#229,#230,#231,#232)
    ,(#233,#234,#235,#236,#237,#238,#239)
    ,(#240,#241,#242,#243,#244,#245,#246)
    ,(#247,#248,#249,#250,#251,#252,#253)
    ,(#254,#255,#256,#257,#258,#259,#260
)),.UNSPECIFIED.,.F.,.F.,.F.) B_SPLINE_SURFACE_WITH_KNOTS((7,7),(7,7),(
    2.007128639793,4.276056667386),(0.,1.304545336578),
.PIECEWISE_BEZIER_KNOTS.) GEOMETRIC_REPRESENTATION_ITEM() 
RATIONAL_B_SPLINE_SURFACE((
    (1.066784588776,1.066784588776,1.066784588776,1.066784588776
      ,1.066784588776,1.066784588776,1.066784588776)
    ,(1.020271475493,1.020271475493,1.020271475493,1.020271475493
      ,1.020271475493,1.020271475493,1.020271475493)
    ,(0.995708563644,0.995708563644,0.995708563644,0.995708563644
      ,0.995708563644,0.995708563644,0.995708563644)
    ,(0.987595810361,0.987595810361,0.987595810361,0.987595810361
      ,0.987595810361,0.987595810361,0.987595810361)
    ,(0.995708563644,0.995708563644,0.995708563644,0.995708563644
      ,0.995708563644,0.995708563644,0.995708563644)
    ,(1.020271475493,1.020271475493,1.020271475493,1.020271475493
      ,1.020271475493,1.020271475493,1.020271475493)
    ,(1.066784588776,1.066784588776,1.066784588776,1.066784588776
      ,1.066784588776,1.066784588776,1.066784588776
))) REPRESENTATION_ITEM('') SURFACE() );
#212 = CARTESIAN_POINT('',(10.791637049289,18.691663668753,
    23.761707129917));
#213 = CARTESIAN_POINT('',(7.984720750352,19.875617085578,23.82837413915
    ));
#214 = CARTESIAN_POINT('',(5.033521572135,20.556252171838,
    23.895041129523));
#215 = CARTESIAN_POINT('',(2.050332702107,20.714652778581,
    23.961708133487));
#216 = CARTESIAN_POINT('',(-0.850205974635,20.365347553336,
    24.02837514042));
#217 = CARTESIAN_POINT('',(-3.566931746936,19.555270789104,
    24.095042132045));
#218 = CARTESIAN_POINT('',(-6.021325809859,18.35205448934,
    24.161709144741));
#219 = CARTESIAN_POINT('',(10.843373697735,18.78127417239,
    23.713456739148));
#220 = CARTESIAN_POINT('',(8.023945389341,19.972451401118,
    23.780123748351));
#221 = CARTESIAN_POINT('',(5.059023838166,20.658213888819,
    23.846790738462));
#222 = CARTESIAN_POINT('',(2.061341158082,20.819392008998,
    23.913457743474));
#223 = CARTESIAN_POINT('',(-0.853952082289,20.47038337533,
    23.980124748807));
#224 = CARTESIAN_POINT('',(-3.585166404097,19.658144275716,
    24.046791741479));
#225 = CARTESIAN_POINT('',(-6.05330096724,18.450463393674,
    24.113458753884));
#226 = CARTESIAN_POINT('',(10.880907547638,18.846284707455,
    23.619879650098));
#227 = CARTESIAN_POINT('',(8.052402037574,20.042702660809,
    23.686546659301));
#228 = CARTESIAN_POINT('',(5.077525190867,20.732184971013,
    23.753213649557));
#229 = CARTESIAN_POINT('',(2.069327554007,20.895378117857,
    23.819880653871));
#230 = CARTESIAN_POINT('',(-0.856669814551,20.546584654774,
    23.886547660077));
#231 = CARTESIAN_POINT('',(-3.598395276385,19.732776823832,
    23.953214652225));
#232 = CARTESIAN_POINT('',(-6.076498285034,18.521856978798,
    24.019881664775));
#233 = CARTESIAN_POINT('',(10.894674111423,18.87012909539,
    23.500000000786));
#234 = CARTESIAN_POINT('',(8.062839286831,20.068469229445,
    23.566667009989));
#235 = CARTESIAN_POINT('',(5.084311060222,20.759315886389,
    23.633334000129));
#236 = CARTESIAN_POINT('',(2.072256771964,20.923248099571,
    23.700001004792));
#237 = CARTESIAN_POINT('',(-0.857666631455,20.574533553154,
    23.766668010619));
#238 = CARTESIAN_POINT('',(-3.603247344094,19.760150345333,
    23.833335002797));
#239 = CARTESIAN_POINT('',(-6.0850065546,18.548042517883,23.900002015434
    ));
#240 = CARTESIAN_POINT('',(10.880907547631,18.846284707484,
    23.380120351387));
#241 = CARTESIAN_POINT('',(8.052402028938,20.042702665261,
    23.446787360241));
#242 = CARTESIAN_POINT('',(5.077525172008,20.732184979075,
    23.513454351865));
#243 = CARTESIAN_POINT('',(2.069327524092,20.895378121786,
    23.580121353705));
#244 = CARTESIAN_POINT('',(-0.856669855122,20.546584657073,
    23.646788362588));
#245 = CARTESIAN_POINT('',(-3.598395326189,19.732776815508,
    23.713455352903));
#246 = CARTESIAN_POINT('',(-6.076498341674,18.521856960171,
    23.780122366064));
#247 = CARTESIAN_POINT('',(10.843373697735,18.781274172477,
    23.286543262424));
#248 = CARTESIAN_POINT('',(8.023945374025,19.972451409703,
    23.353210271947));
#249 = CARTESIAN_POINT('',(5.059023804428,20.658213901799,
    23.419877261476));
#250 = CARTESIAN_POINT('',(2.061341104894,20.819392018486,
    23.486544266896));
#251 = CARTESIAN_POINT('',(-0.853952154637,20.470383376785,
    23.553211272345));
#252 = CARTESIAN_POINT('',(-3.58516649278,19.658144262095,
    23.619878264493));
#253 = CARTESIAN_POINT('',(-6.053301068132,18.450463360525,
    23.686545277131));
#254 = CARTESIAN_POINT('',(10.791637049304,18.691663668724,
    23.238292871654));
#255 = CARTESIAN_POINT('',(7.984720731583,19.875617095997,
    23.304959880945));
#256 = CARTESIAN_POINT('',(5.033521530851,20.556252187642,
    23.371626871463));
#257 = CARTESIAN_POINT('',(2.050332636878,20.714652790426,23.4382938747)
  );
#258 = CARTESIAN_POINT('',(-0.850206063256,20.365347554878,
    23.504960882885));
#259 = CARTESIAN_POINT('',(-3.566931855603,19.555270772369,
    23.571627873462));
#260 = CARTESIAN_POINT('',(-6.021325933496,18.352054448595,
    23.638294886507));
#261 = ADVANCED_FACE('',(#262),#377,.T.);
#262 = FACE_BOUND('',#263,.T.);
#263 = EDGE_LOOP('',(#264,#274,#291,#299,#306,#307,#322,#362,#363,#364)
  );
#264 = ORIENTED_EDGE('',*,*,#265,.F.);
#265 = EDGE_CURVE('',#266,#268,#270,.T.);
#266 = VERTEX_POINT('',#267);
#267 = CARTESIAN_POINT('',(-20.,-4.854935560373E-15,19.5));
#268 = VERTEX_POINT('',#269);
#269 = CARTESIAN_POINT('',(-20.00000009617,-1.887799836421E-09,
    20.499999998909));
#270 = LINE('',#271,#272);
#271 = CARTESIAN_POINT('',(-20.,3.330669073875E-15,15.));
#272 = VECTOR('',#273,1.);
#273 = DIRECTION('',(0.,2.22044604925E-16,1.));
#274 = ORIENTED_EDGE('',*,*,#275,.T.);
#275 = EDGE_CURVE('',#266,#276,#278,.T.);
#276 = VERTEX_POINT('',#277);
#277 = CARTESIAN_POINT('',(-20.00000009616,-1.887796283707E-09,
    22.499999998923));
#278 = B_SPLINE_CURVE_WITH_KNOTS('',11,(#279,#280,#281,#282,#283,#284,
    #285,#286,#287,#288,#289,#290),.UNSPECIFIED.,.F.,.F.,(12,12),(0.,
    6.311768183668),.PIECEWISE_BEZIER_KNOTS.);
#279 = CARTESIAN_POINT('',(-20.,-3.492622182845E-15,19.5));
#280 = CARTESIAN_POINT('',(-20.00000019466,-11.42397344244,
    19.772727270518));
#281 = CARTESIAN_POINT('',(-12.82364936447,-22.84768707089,
    20.045454549052));
#282 = CARTESIAN_POINT('',(1.543937892681,-29.26297761967,
    20.318181808455));
#283 = CARTESIAN_POINT('',(19.096145810506,-25.64145989013,
    20.590909106691));
#284 = CARTESIAN_POINT('',(32.183550640265,-10.574566813,20.863636339885
    ));
#285 = CARTESIAN_POINT('',(32.183554082334,10.574566934355,
    21.136363661244));
#286 = CARTESIAN_POINT('',(19.096142940953,25.641459636925,
    21.409090887247));
#287 = CARTESIAN_POINT('',(1.543939743699,29.262977901821,
    21.681818194616));
#288 = CARTESIAN_POINT('',(-12.82365029334,22.847686902799,
    21.954545447789));
#289 = CARTESIAN_POINT('',(-19.99999986596,11.423973464092,
    22.227272728802));
#290 = CARTESIAN_POINT('',(-20.00000009616,-1.887845006024E-09,
    22.499999998923));
#291 = ORIENTED_EDGE('',*,*,#292,.T.);
#292 = EDGE_CURVE('',#276,#293,#295,.T.);
#293 = VERTEX_POINT('',#294);
#294 = CARTESIAN_POINT('',(-20.,5.551115123126E-15,25.));
#295 = LINE('',#296,#297);
#296 = CARTESIAN_POINT('',(-20.,3.330669073875E-15,15.));
#297 = VECTOR('',#298,1.);
#298 = DIRECTION('',(0.,2.22044604925E-16,1.));
#299 = ORIENTED_EDGE('',*,*,#300,.F.);
#300 = EDGE_CURVE('',#293,#293,#301,.T.);
#301 = CIRCLE('',#302,20.);
#302 = AXIS2_PLACEMENT_3D('',#303,#304,#305);
#303 = CARTESIAN_POINT('',(0.,5.551115123126E-15,25.));
#304 = DIRECTION('',(0.,2.22044604925E-16,1.));
#305 = DIRECTION('',(-1.,0.,0.));
#306 = ORIENTED_EDGE('',*,*,#292,.F.);
#307 = ORIENTED_EDGE('',*,*,#308,.T.);
#308 = EDGE_CURVE('',#276,#309,#311,.T.);
#309 = VERTEX_POINT('',#310);
#310 = CARTESIAN_POINT('',(9.99999996378,17.32050801548,24.5000000008));
#311 = B_SPLINE_CURVE_WITH_KNOTS('',9,(#312,#313,#314,#315,#316,#317,
    #318,#319,#320,#321),.UNSPECIFIED.,.F.,.F.,(10,10),(0.,
    4.207845455778),.PIECEWISE_BEZIER_KNOTS.);
#312 = CARTESIAN_POINT('',(-20.00000009616,-1.88772375509E-09,
    22.499999998923));
#313 = CARTESIAN_POINT('',(-19.99999963233,-9.308422481341,
    22.722222226348));
#314 = CARTESIAN_POINT('',(-15.1256586385,-18.61798492649,
    22.944444433151));
#315 = CARTESIAN_POINT('',(-5.380639373373,-25.00231526874,
    23.166666686183));
#316 = CARTESIAN_POINT('',(7.212371338595,-25.58704278969,
    23.388888863491));
#317 = CARTESIAN_POINT('',(18.552844783616,-19.03962217002,
    23.611111136126));
#318 = CARTESIAN_POINT('',(24.342959923999,-7.841383989311,
    23.833333313526));
#319 = CARTESIAN_POINT('',(23.686476627219,3.790210329815,
    24.055555566795));
#320 = CARTESIAN_POINT('',(18.061330538606,12.666297183261,
    24.277777773268));
#321 = CARTESIAN_POINT('',(9.99999996378,17.32050801548,24.500000000786)
  );
#322 = ORIENTED_EDGE('',*,*,#323,.T.);
#323 = EDGE_CURVE('',#309,#125,#324,.T.);
#324 = B_SPLINE_CURVE_WITH_KNOTS('',8,(#325,#326,#327,#328,#329,#330,
    #331,#332,#333,#334,#335,#336,#337,#338,#339,#340,#341,#342,#343,
    #344,#345,#346,#347,#348,#349,#350,#351,#352,#353,#354,#355,#356,
    #357,#358,#359,#360,#361),.UNSPECIFIED.,.F.,.F.,(9,7,7,7,7,9),(0.,
    3.09991415107E-02,0.251994054835,0.500991925105,0.750994762762,1.),
  .UNSPECIFIED.);
#325 = CARTESIAN_POINT('',(9.99999996378,17.320508015479,24.500000000815
    ));
#326 = CARTESIAN_POINT('',(9.960630748079,17.343237842759,
    24.498220807144));
#327 = CARTESIAN_POINT('',(9.921202889464,17.365865836347,
    24.496441349955));
#328 = CARTESIAN_POINT('',(9.881714892261,17.388389825908,
    24.494662831701));
#329 = CARTESIAN_POINT('',(9.842170795024,17.410813776666,24.49288275617
    ));
#330 = CARTESIAN_POINT('',(9.802566225523,17.433132311739,
    24.491104257126));
#331 = CARTESIAN_POINT('',(9.762905365772,17.455349526459,
    24.489324756212));
#332 = CARTESIAN_POINT('',(9.72318644239,17.477462973392,24.487545630616
    ));
#333 = CARTESIAN_POINT('',(9.399844759676,17.656385515404,
    24.473082491821));
#334 = CARTESIAN_POINT('',(9.113373038233,17.808046523618,
    24.460398565792));
#335 = CARTESIAN_POINT('',(8.82410895323,17.954393327168,24.447714657414
    ));
#336 = CARTESIAN_POINT('',(8.532167608948,18.0953660752,24.435030763859)
  );
#337 = CARTESIAN_POINT('',(8.237665542538,18.230907959309,
    24.422346886234));
#338 = CARTESIAN_POINT('',(7.94072072402,18.360965213536,24.409663029581
    ));
#339 = CARTESIAN_POINT('',(7.641452556286,18.485487114371,
    24.396979202879));
#340 = CARTESIAN_POINT('',(7.000310900604,18.738435963045,
    24.370004433267));
#341 = CARTESIAN_POINT('',(6.65784340954,18.865358559559,24.355713491527
    ));
#342 = CARTESIAN_POINT('',(6.312752333056,18.98512555642,24.341422607192
    ));
#343 = CARTESIAN_POINT('',(5.96521221966,19.097673913016,24.327131790422
    ));
#344 = CARTESIAN_POINT('',(5.615399235204,19.202945761989,24.31284104816
    ));
#345 = CARTESIAN_POINT('',(5.26349116289,19.300888409243,24.29855038414)
  );
#346 = CARTESIAN_POINT('',(4.909667403266,19.391454333938,
    24.284259798879));
#347 = CARTESIAN_POINT('',(4.197115494264,19.558083627754,
    24.255621103304));
#348 = CARTESIAN_POINT('',(3.838372733922,19.634087124369,24.24127298701
    ));
#349 = CARTESIAN_POINT('',(3.478063922702,19.702568842286,
    24.226924935668));
#350 = CARTESIAN_POINT('',(3.116373148418,19.76349138698,24.212576943533
    ));
#351 = CARTESIAN_POINT('',(2.753485357199,19.816822805453,
    24.198229004247));
#352 = CARTESIAN_POINT('',(2.389586353491,19.862536586232,24.18388111084
    ));
#353 = CARTESIAN_POINT('',(2.024862800056,19.900611659372,
    24.169533255729));
#354 = CARTESIAN_POINT('',(1.295599554821,19.961331743956,
    24.140894858642));
#355 = CARTESIAN_POINT('',(0.931064347512,19.984037769698,
    24.126604310248));
#356 = CARTESIAN_POINT('',(0.566081879259,19.999135059689,
    24.112313779161));
#357 = CARTESIAN_POINT('',(0.200837486805,20.006613620748,
    24.098023261421));
#358 = CARTESIAN_POINT('',(-0.164483439578,20.006468880506,
    24.083732755484));
#359 = CARTESIAN_POINT('',(-0.529695456088,19.998701687407,
    24.069442262225));
#360 = CARTESIAN_POINT('',(-0.894613065394,19.983318310707,
    24.055151784933));
#361 = CARTESIAN_POINT('',(-1.259050716632,19.960330440475,
    24.040861329313));
#362 = ORIENTED_EDGE('',*,*,#147,.F.);
#363 = ORIENTED_EDGE('',*,*,#64,.F.);
#364 = ORIENTED_EDGE('',*,*,#365,.F.);
#365 = EDGE_CURVE('',#268,#58,#366,.T.);
#366 = B_SPLINE_CURVE_WITH_KNOTS('',9,(#367,#368,#369,#370,#371,#372,
    #373,#374,#375,#376),.UNSPECIFIED.,.F.,.F.,(10,10),(0.,
    4.207845455778),.PIECEWISE_BEZIER_KNOTS.);
#367 = CARTESIAN_POINT('',(-20.00000009617,-1.887730860517E-09,
    20.499999998923));
#368 = CARTESIAN_POINT('',(-19.99999963232,-9.308422481341,
    20.722222226348));
#369 = CARTESIAN_POINT('',(-15.12565863851,-18.61798492649,
    20.944444432888));
#370 = CARTESIAN_POINT('',(-5.380639373354,-25.00231526875,
    21.16666668687));
#371 = CARTESIAN_POINT('',(7.212371338573,-25.58704278967,
    21.388888862341));
#372 = CARTESIAN_POINT('',(18.55284478363,-19.03962217004,
    21.611111137228));
#373 = CARTESIAN_POINT('',(24.342959923997,-7.841383989291,
    21.833333312991));
#374 = CARTESIAN_POINT('',(23.686476627216,3.790210329804,
    22.055555566844));
#375 = CARTESIAN_POINT('',(18.061330538608,12.666297183265,
    22.277777773268));
#376 = CARTESIAN_POINT('',(9.99999996378,17.320508015479,22.500000000786
    ));
#377 = CYLINDRICAL_SURFACE('',#378,20.);
#378 = AXIS2_PLACEMENT_3D('',#379,#380,#381);
#379 = CARTESIAN_POINT('',(0.,3.330669073875E-15,15.));
#380 = DIRECTION('',(0.,2.22044604925E-16,1.));
#381 = DIRECTION('',(-1.,0.,0.));
#382 = ADVANCED_FACE('',(#383),#407,.F.);
#383 = FACE_BOUND('',#384,.F.);
#384 = EDGE_LOOP('',(#385,#386,#393,#406));
#385 = ORIENTED_EDGE('',*,*,#365,.F.);
#386 = ORIENTED_EDGE('',*,*,#387,.T.);
#387 = EDGE_CURVE('',#268,#388,#390,.T.);
#388 = VERTEX_POINT('',#389);
#389 = CARTESIAN_POINT('',(-21.58327426717,-1.886261511398E-09,
    21.238292869821));
#390 = B_SPLINE_CURVE_WITH_KNOTS('',1,(#391,#392),.UNSPECIFIED.,.F.,.F.,
  (2,2),(-1.746949759956,-0.),.PIECEWISE_BEZIER_KNOTS.);
#391 = CARTESIAN_POINT('',(-20.00000009617,-1.887864732911E-09,
    20.499999998865));
#392 = CARTESIAN_POINT('',(-21.58327426717,-1.886327224593E-09,
    21.238292869821));
#393 = ORIENTED_EDGE('',*,*,#394,.T.);
#394 = EDGE_CURVE('',#388,#44,#395,.T.);
#395 = B_SPLINE_CURVE_WITH_KNOTS('',9,(#396,#397,#398,#399,#400,#401,
    #402,#403,#404,#405),.UNSPECIFIED.,.F.,.F.,(10,10),(0.,
    4.207845455778),.PIECEWISE_BEZIER_KNOTS.);
#396 = CARTESIAN_POINT('',(-21.58327426717,-1.886196088208E-09,
    21.238292869821));
#397 = CARTESIAN_POINT('',(-21.58327380333,-10.04531174138,
    21.460515097241));
#398 = CARTESIAN_POINT('',(-16.3230617878,-20.09185361739,
    21.682737304067));
#399 = CARTESIAN_POINT('',(-5.806590887438,-26.98159129727,
    21.90495955704));
#400 = CARTESIAN_POINT('',(7.783329589237,-27.61260803025,22.12718173445
    ));
#401 = CARTESIAN_POINT('',(20.021556613666,-20.54686913991,
    22.349404006962));
#402 = CARTESIAN_POINT('',(26.270039002825,-8.462137171576,
    22.571626184466));
#403 = CARTESIAN_POINT('',(25.561585930032,4.090257530215,
    22.793848437674));
#404 = CARTESIAN_POINT('',(19.491132443088,13.66900820649,23.01607064417
    ));
#405 = CARTESIAN_POINT('',(10.791637049286,18.691663668729,
    23.238292871683));
#406 = ORIENTED_EDGE('',*,*,#57,.F.);
#407 = B_SPLINE_SURFACE_WITH_KNOTS('',1,9,(
    (#408,#409,#410,#411,#412,#413,#414,#415,#416,#417)
    ,(#418,#419,#420,#421,#422,#423,#424,#425,#426,#427
  )),.UNSPECIFIED.,.F.,.F.,.F.,(2,2),(10,10),(-1.746949759956,-0.),(0.,
    4.207845455778),.PIECEWISE_BEZIER_KNOTS.);
#408 = CARTESIAN_POINT('',(-20.00000009617,-1.887737965944E-09,
    20.499999998894));
#409 = CARTESIAN_POINT('',(-19.99999963232,-9.308422481341,
    20.722222226319));
#410 = CARTESIAN_POINT('',(-15.12565863851,-18.61798492649,
    20.944444432859));
#411 = CARTESIAN_POINT('',(-5.380639373356,-25.00231526875,
    21.166666686842));
#412 = CARTESIAN_POINT('',(7.212371338574,-25.58704278967,
    21.388888862311));
#413 = CARTESIAN_POINT('',(18.552844783631,-19.03962217004,21.6111111372
    ));
#414 = CARTESIAN_POINT('',(24.342959923997,-7.841383989293,
    21.833333312961));
#415 = CARTESIAN_POINT('',(23.686476627216,3.790210329805,
    22.055555566815));
#416 = CARTESIAN_POINT('',(18.061330538609,12.666297183265,
    22.277777773239));
#417 = CARTESIAN_POINT('',(9.99999996378,17.320508015479,22.500000000757
    ));
#418 = CARTESIAN_POINT('',(-21.58327426717,-1.886196088208E-09,
    21.238292869821));
#419 = CARTESIAN_POINT('',(-21.58327380333,-10.04531174138,
    21.460515097241));
#420 = CARTESIAN_POINT('',(-16.3230617878,-20.09185361739,
    21.682737304067));
#421 = CARTESIAN_POINT('',(-5.806590887438,-26.98159129727,
    21.90495955704));
#422 = CARTESIAN_POINT('',(7.783329589237,-27.61260803025,22.12718173445
    ));
#423 = CARTESIAN_POINT('',(20.021556613666,-20.54686913991,
    22.349404006962));
#424 = CARTESIAN_POINT('',(26.270039002825,-8.462137171576,
    22.571626184466));
#425 = CARTESIAN_POINT('',(25.561585930032,4.090257530215,
    22.793848437674));
#426 = CARTESIAN_POINT('',(19.491132443088,13.66900820649,23.01607064417
    ));
#427 = CARTESIAN_POINT('',(10.791637049286,18.691663668729,
    23.238292871683));
#428 = ADVANCED_FACE('',(#429),#438,.T.);
#429 = FACE_BOUND('',#430,.T.);
#430 = EDGE_LOOP('',(#431,#432,#437));
#431 = ORIENTED_EDGE('',*,*,#323,.F.);
#432 = ORIENTED_EDGE('',*,*,#433,.F.);
#433 = EDGE_CURVE('',#123,#309,#434,.T.);
#434 = B_SPLINE_CURVE_WITH_KNOTS('',1,(#435,#436),.UNSPECIFIED.,.F.,.F.,
  (2,2),(-1.746949759956,-0.),.PIECEWISE_BEZIER_KNOTS.);
#435 = CARTESIAN_POINT('',(10.791637049286,18.691663668729,
    23.761707129859));
#436 = CARTESIAN_POINT('',(9.99999996378,17.32050801548,24.500000000786)
  );
#437 = ORIENTED_EDGE('',*,*,#122,.T.);
#438 = B_SPLINE_SURFACE_WITH_KNOTS('',1,6,(
    (#439,#440,#441,#442,#443,#444,#445)
    ,(#446,#447,#448,#449,#450,#451,#452
    )),.UNSPECIFIED.,.F.,.F.,.F.,(2,2),(7,7),(-1.746949759956,-0.),(0.,
    1.304545336578),.PIECEWISE_BEZIER_KNOTS.);
#439 = CARTESIAN_POINT('',(9.99999996378,17.320508015479,24.500000000815
    ));
#440 = CARTESIAN_POINT('',(7.384533459012,18.393927841857,
    24.566667010375));
#441 = CARTESIAN_POINT('',(4.643304189582,18.996107118536,
    24.633334000651));
#442 = CARTESIAN_POINT('',(1.881889204999,19.112008197667,
    24.700001005603));
#443 = CARTESIAN_POINT('',(-0.792885722367,18.758164744023,
    24.766668011937));
#444 = CARTESIAN_POINT('',(-3.287918101908,17.981174481964,
    24.833335004207));
#445 = CARTESIAN_POINT('',(-5.532064886003,16.846272019418,
    24.900002017181));
#446 = CARTESIAN_POINT('',(10.791637049286,18.691663668729,
    23.761707129888));
#447 = CARTESIAN_POINT('',(7.984720750352,19.875617085163,
    23.828374139186));
#448 = CARTESIAN_POINT('',(5.033521572131,20.556252172706,
    23.895041129215));
#449 = CARTESIAN_POINT('',(2.050332702092,20.714652777732,
    23.961708133925));
#450 = CARTESIAN_POINT('',(-0.850205974621,20.365347553759,
    24.028375140009));
#451 = CARTESIAN_POINT('',(-3.566931746959,19.555270788782,
    24.095042132031));
#452 = CARTESIAN_POINT('',(-6.021325809862,18.352054489332,
    24.161709144741));
#453 = ADVANCED_FACE('',(#454),#483,.F.);
#454 = FACE_BOUND('',#455,.F.);
#455 = EDGE_LOOP('',(#456,#457,#469,#482));
#456 = ORIENTED_EDGE('',*,*,#394,.F.);
#457 = ORIENTED_EDGE('',*,*,#458,.T.);
#458 = EDGE_CURVE('',#388,#459,#461,.T.);
#459 = VERTEX_POINT('',#460);
#460 = CARTESIAN_POINT('',(-21.58327426717,-1.88625440597E-09,
    21.761707128011));
#461 = ( BOUNDED_CURVE() B_SPLINE_CURVE(6,(#462,#463,#464,#465,#466,#467
,#468),.UNSPECIFIED.,.F.,.F.) B_SPLINE_CURVE_WITH_KNOTS((7,7),(
2.007128639793,4.276056667386),.PIECEWISE_BEZIER_KNOTS.) CURVE() 
GEOMETRIC_REPRESENTATION_ITEM() RATIONAL_B_SPLINE_CURVE((1.066784588776,
    1.020271475493,0.995708563644,0.987595810361,0.995708563644,
1.020271475493,1.066784588776)) REPRESENTATION_ITEM('') );
#462 = CARTESIAN_POINT('',(-21.5832742672,-1.886292011477E-09,
    21.23829286985));
#463 = CARTESIAN_POINT('',(-21.68674756409,-1.886292011477E-09,
    21.286543260532));
#464 = CARTESIAN_POINT('',(-21.76181526386,-1.886746758828E-09,
    21.380120349466));
#465 = CARTESIAN_POINT('',(-21.78934839146,-1.886292011477E-09,
    21.499999998865));
#466 = CARTESIAN_POINT('',(-21.76181526389,-1.887201506179E-09,
    21.619879648293));
#467 = CARTESIAN_POINT('',(-21.68674756409,-1.886292011477E-09,
    21.713456737256));
#468 = CARTESIAN_POINT('',(-21.5832742672,-1.886292011477E-09,
    21.761707127996));
#469 = ORIENTED_EDGE('',*,*,#470,.T.);
#470 = EDGE_CURVE('',#459,#123,#471,.T.);
#471 = ( BOUNDED_CURVE() B_SPLINE_CURVE(9,(#472,#473,#474,#475,#476,#477
    ,#478,#479,#480,#481),.UNSPECIFIED.,.F.,.F.) 
B_SPLINE_CURVE_WITH_KNOTS((10,10),(0.,4.207845455778),
.PIECEWISE_BEZIER_KNOTS.) CURVE() GEOMETRIC_REPRESENTATION_ITEM() 
RATIONAL_B_SPLINE_CURVE((1.066784588776,1.066784588776,1.066784588776,
    1.066784588776,1.066784588776,1.066784588776,1.066784588776,
1.066784588776,1.066784588776,1.066784588776)) REPRESENTATION_ITEM('') 
  );
#472 = CARTESIAN_POINT('',(-21.58327426717,-1.891748979688E-09,
    21.761707128026));
#473 = CARTESIAN_POINT('',(-21.58327380415,-10.04531174196,
    21.983929355076));
#474 = CARTESIAN_POINT('',(-16.32306178443,-20.09185361553,
    22.206151564053));
#475 = CARTESIAN_POINT('',(-5.80659089511,-26.98159129952,
    22.428373809787));
#476 = CARTESIAN_POINT('',(7.783329600701,-27.61260802982,
    22.650596003718));
#477 = CARTESIAN_POINT('',(20.021556601365,-20.54686913697,
    22.872818250122));
#478 = CARTESIAN_POINT('',(26.270039012219,-8.462137176131,
    23.095040456101));
#479 = CARTESIAN_POINT('',(25.561585925228,4.090257533448,
    23.317262688361));
#480 = CARTESIAN_POINT('',(19.49113244444,13.66900820547,23.539484904468
    ));
#481 = CARTESIAN_POINT('',(10.791637049289,18.691663668724,
    23.761707129888));
#482 = ORIENTED_EDGE('',*,*,#136,.F.);
#483 = ( BOUNDED_SURFACE() B_SPLINE_SURFACE(6,9,(
    (#484,#485,#486,#487,#488,#489,#490,#491,#492,#493)
    ,(#494,#495,#496,#497,#498,#499,#500,#501,#502,#503)
    ,(#504,#505,#506,#507,#508,#509,#510,#511,#512,#513)
    ,(#514,#515,#516,#517,#518,#519,#520,#521,#522,#523)
    ,(#524,#525,#526,#527,#528,#529,#530,#531,#532,#533)
    ,(#534,#535,#536,#537,#538,#539,#540,#541,#542,#543)
    ,(#544,#545,#546,#547,#548,#549,#550,#551,#552,#553
)),.UNSPECIFIED.,.F.,.F.,.F.) B_SPLINE_SURFACE_WITH_KNOTS((7,7),(10,10),
  (2.007128639793,4.276056667386),(0.,4.207845455778),
.PIECEWISE_BEZIER_KNOTS.) GEOMETRIC_REPRESENTATION_ITEM() 
RATIONAL_B_SPLINE_SURFACE((
    (1.066784588776,1.066784588776,1.066784588776,1.066784588776
      ,1.066784588776,1.066784588776,1.066784588776,1.066784588776
      ,1.066784588776,1.066784588776)
    ,(1.020271475493,1.020271475493,1.020271475493,1.020271475492
      ,1.020271475493,1.020271475492,1.020271475493,1.020271475493
      ,1.020271475493,1.020271475493)
    ,(0.995708563644,0.995708563644,0.995708563644,0.995708563644
      ,0.995708563644,0.995708563644,0.995708563644,0.995708563644
      ,0.995708563644,0.995708563644)
    ,(0.987595810361,0.987595810361,0.987595810361,0.987595810361
      ,0.987595810361,0.987595810361,0.987595810361,0.987595810361
      ,0.987595810361,0.987595810361)
    ,(0.995708563644,0.995708563644,0.995708563644,0.995708563644
      ,0.995708563644,0.995708563644,0.995708563644,0.995708563644
      ,0.995708563644,0.995708563644)
    ,(1.020271475493,1.020271475493,1.020271475493,1.020271475492
      ,1.020271475493,1.020271475492,1.020271475493,1.020271475493
      ,1.020271475493,1.020271475493)
    ,(1.066784588776,1.066784588776,1.066784588776,1.066784588776
      ,1.066784588776,1.066784588776,1.066784588776,1.066784588776
,1.066784588776,1.066784588776))) REPRESENTATION_ITEM('') SURFACE() );
#484 = CARTESIAN_POINT('',(-21.58327426716,-1.891748979688E-09,
    21.238292869792));
#485 = CARTESIAN_POINT('',(-21.58327380425,-10.04531174196,
    21.460515097162));
#486 = CARTESIAN_POINT('',(-16.32306178401,-20.09185361553,
    21.682737304305));
#487 = CARTESIAN_POINT('',(-5.806590896202,-26.98159129952,
    21.904959556734));
#488 = CARTESIAN_POINT('',(7.783329602666,-27.61260802982,
    22.127181734744));
#489 = CARTESIAN_POINT('',(20.021556599182,-20.54686913697,
    22.349404006265));
#490 = CARTESIAN_POINT('',(26.270039013893,-8.462137176131,
    22.571626185527));
#491 = CARTESIAN_POINT('',(25.561585924428,4.090257533448,22.79384843685
    ));
#492 = CARTESIAN_POINT('',(19.491132444688,13.66900820547,
    23.016070644429));
#493 = CARTESIAN_POINT('',(10.791637049304,18.691663668724,
    23.238292871654));
#494 = CARTESIAN_POINT('',(-21.68674756407,-1.862645149231E-09,
    21.286543260561));
#495 = CARTESIAN_POINT('',(-21.68674710055,-10.09347039926,
    21.508765487728));
#496 = CARTESIAN_POINT('',(-16.40131686956,-20.18817683393,
    21.730987695308));
#497 = CARTESIAN_POINT('',(-5.834428523958,-27.11094488753,
    21.953209946863));
#498 = CARTESIAN_POINT('',(7.820643995976,-27.74498683243,
    22.175432126853));
#499 = CARTESIAN_POINT('',(20.117542801963,-20.64537374032,
    22.397654395201));
#500 = CARTESIAN_POINT('',(26.39598132555,-8.502705883613,
    22.619876577868));
#501 = CARTESIAN_POINT('',(25.684131819435,4.109866818791,
    22.842098826804));
#502 = CARTESIAN_POINT('',(19.584575713787,13.734539379395,
    23.06432103549));
#503 = CARTESIAN_POINT('',(10.843373697731,18.781274172477,
    23.286543262424));
#504 = CARTESIAN_POINT('',(-21.76181526387,-1.891748979688E-09,
    21.380120349495));
#505 = CARTESIAN_POINT('',(-21.7618148003,-10.1284084946,21.602342578291
    ));
#506 = CARTESIAN_POINT('',(-16.45808928567,-20.25805729164,
    21.82456477877));
#507 = CARTESIAN_POINT('',(-5.854624142768,-27.20478821525,
    22.04678704773));
#508 = CARTESIAN_POINT('',(7.847714813237,-27.84102484173,22.26900919844
    ));
#509 = CARTESIAN_POINT('',(20.187178760039,-20.71683677932,
    22.491231501277));
#510 = CARTESIAN_POINT('',(26.487349833551,-8.532137615985,
    22.713453655859));
#511 = CARTESIAN_POINT('',(25.773036281855,4.124092939164,
    22.935675919784));
#512 = CARTESIAN_POINT('',(19.652366841357,13.782080868055,
    23.157898123784));
#513 = CARTESIAN_POINT('',(10.880907547631,18.846284707484,
    23.380120351358));
#514 = CARTESIAN_POINT('',(-21.7893483914,-1.891748979688E-09,
    21.499999998923));
#515 = CARTESIAN_POINT('',(-21.78934792673,-10.14122299457,
    21.72222222609));
#516 = CARTESIAN_POINT('',(-16.47891212286,-20.28368785604,
    21.944444434252));
#517 = CARTESIAN_POINT('',(-5.86203142762,-27.23920781986,
    22.166666684876));
#518 = CARTESIAN_POINT('',(7.857643759955,-27.87624939464,
    22.388888864079));
#519 = CARTESIAN_POINT('',(20.212719663366,-20.74304781094,
    22.611111136765));
#520 = CARTESIAN_POINT('',(26.52086171569,-8.542932495504,
    22.833333312505));
#521 = CARTESIAN_POINT('',(25.805644425811,4.12931074985,23.05555556764)
  );
#522 = CARTESIAN_POINT('',(19.677231085545,13.799518008746,
    23.277777772862));
#523 = CARTESIAN_POINT('',(10.89467411142,18.87012909539,23.500000000786
    ));
#524 = CARTESIAN_POINT('',(-21.76181526387,-1.891748979688E-09,
    21.619879648264));
#525 = CARTESIAN_POINT('',(-21.76181480147,-10.12840849449,
    21.842101874499));
#526 = CARTESIAN_POINT('',(-16.45808928147,-20.25805729202,
    22.064324087522));
#527 = CARTESIAN_POINT('',(-5.854624151485,-27.20478821467,
    22.286546323419));
#528 = CARTESIAN_POINT('',(7.847714825941,-27.8410248424,22.508768532425
    ));
#529 = CARTESIAN_POINT('',(20.187178746841,-20.71683677841,
    22.730990763695));
#530 = CARTESIAN_POINT('',(26.487349843097,-8.532137617032,
    22.953212979774));
#531 = CARTESIAN_POINT('',(25.773036277504,4.124092939746,
    23.175435207435));
#532 = CARTESIAN_POINT('',(19.652366842434,13.782080867881,
    23.397657425056));
#533 = CARTESIAN_POINT('',(10.880907547631,18.846284707484,
    23.619879650127));
#534 = CARTESIAN_POINT('',(-21.68674756407,-1.920852810144E-09,
    21.713456737256));
#535 = CARTESIAN_POINT('',(-21.6867470997,-10.09347039993,
    21.935678964568));
#536 = CARTESIAN_POINT('',(-16.40131687249,-20.18817683198,
    22.15790117209));
#537 = CARTESIAN_POINT('',(-5.83442851821,-27.11094489129,
    22.380123423616));
#538 = CARTESIAN_POINT('',(7.820643988336,-27.74498682803,
    22.602345602674));
#539 = CARTESIAN_POINT('',(20.117542809341,-20.64537374395,
    22.824567873817));
#540 = CARTESIAN_POINT('',(26.395981320413,-8.502705881489,
    23.046790052089));
#541 = CARTESIAN_POINT('',(25.68413182185,4.109866817686,23.269012305333
    ));
#542 = CARTESIAN_POINT('',(19.584575713161,13.734539379773,
    23.491234511486));
#543 = CARTESIAN_POINT('',(10.843373697731,18.781274172419,
    23.713456739119));
#544 = CARTESIAN_POINT('',(-21.58327426717,-1.891748979688E-09,
    21.761707128026));
#545 = CARTESIAN_POINT('',(-21.58327380415,-10.04531174196,
    21.983929355076));
#546 = CARTESIAN_POINT('',(-16.32306178443,-20.09185361553,
    22.206151564053));
#547 = CARTESIAN_POINT('',(-5.80659089511,-26.98159129952,
    22.428373809787));
#548 = CARTESIAN_POINT('',(7.783329600701,-27.61260802982,
    22.650596003718));
#549 = CARTESIAN_POINT('',(20.021556601365,-20.54686913697,
    22.872818250122));
#550 = CARTESIAN_POINT('',(26.270039012219,-8.462137176131,
    23.095040456101));
#551 = CARTESIAN_POINT('',(25.561585925228,4.090257533448,
    23.317262688361));
#552 = CARTESIAN_POINT('',(19.49113244444,13.66900820547,23.539484904468
    ));
#553 = CARTESIAN_POINT('',(10.791637049289,18.691663668724,
    23.761707129888));
#554 = ADVANCED_FACE('',(#555),#694,.T.);
#555 = FACE_BOUND('',#556,.T.);
#556 = EDGE_LOOP('',(#557,#566,#574,#593,#660,#677,#678,#693));
#557 = ORIENTED_EDGE('',*,*,#558,.T.);
#558 = EDGE_CURVE('',#559,#559,#561,.T.);
#559 = VERTEX_POINT('',#560);
#560 = CARTESIAN_POINT('',(-20.,3.330669073875E-15,15.));
#561 = CIRCLE('',#562,20.);
#562 = AXIS2_PLACEMENT_3D('',#563,#564,#565);
#563 = CARTESIAN_POINT('',(0.,3.330669073875E-15,15.));
#564 = DIRECTION('',(0.,2.22044604925E-16,1.));
#565 = DIRECTION('',(-1.,0.,0.));
#566 = ORIENTED_EDGE('',*,*,#567,.T.);
#567 = EDGE_CURVE('',#559,#568,#570,.T.);
#568 = VERTEX_POINT('',#569);
#569 = CARTESIAN_POINT('',(-20.,-2.582060902748E-14,17.499999999956));
#570 = LINE('',#571,#572);
#571 = CARTESIAN_POINT('',(-20.,3.330669073875E-15,15.));
#572 = VECTOR('',#573,1.);
#573 = DIRECTION('',(0.,2.22044604925E-16,1.));
#574 = ORIENTED_EDGE('',*,*,#575,.T.);
#575 = EDGE_CURVE('',#568,#576,#578,.T.);
#576 = VERTEX_POINT('',#577);
#577 = CARTESIAN_POINT('',(-16.66134433078,11.063435501279,
    17.959135328507));
#578 = B_SPLINE_CURVE_WITH_KNOTS('',4,(#579,#580,#581,#582,#583,#584,
    #585,#586,#587,#588,#589,#590,#591,#592),.UNSPECIFIED.,.F.,.F.,(5,3,
    3,3,5),(0.,0.249995921013,0.499994338582,0.749996537908,1.),
  .UNSPECIFIED.);
#579 = CARTESIAN_POINT('',(-20.00000000006,-3.724798247375E-14,
    17.499999999973));
#580 = CARTESIAN_POINT('',(-20.00000000006,0.732695933375,
    17.528696318317));
#581 = CARTESIAN_POINT('',(-19.9642103896,1.465393325683,17.557392506093
    ));
#582 = CARTESIAN_POINT('',(-19.89263136496,2.195463700644,
    17.586088809993));
#583 = CARTESIAN_POINT('',(-19.67866056424,3.645157418102,
    17.643481322653));
#584 = CARTESIAN_POINT('',(-19.53626767416,4.364783402327,
    17.672177594757));
#585 = CARTESIAN_POINT('',(-19.35885178403,5.076584705325,
    17.700873545178));
#586 = CARTESIAN_POINT('',(-18.93548911457,6.479515637828,
    17.758265309688));
#587 = CARTESIAN_POINT('',(-18.68954049447,7.170647623626,
    17.786961154687));
#588 = CARTESIAN_POINT('',(-18.41008576382,7.848924346271,
    17.815656816091));
#589 = CARTESIAN_POINT('',(-17.78639962258,9.175013085219,
    17.873048148798));
#590 = CARTESIAN_POINT('',(-17.44216669756,9.822827470569,
    17.901743849155));
#591 = CARTESIAN_POINT('',(-17.06666363302,10.453031575864,
    17.930439602829));
#592 = CARTESIAN_POINT('',(-16.66134433078,11.063435501279,
    17.959135328507));
#593 = ORIENTED_EDGE('',*,*,#594,.F.);
#594 = EDGE_CURVE('',#595,#576,#597,.T.);
#595 = VERTEX_POINT('',#596);
#596 = CARTESIAN_POINT('',(-16.66134428128,11.063435575833,
    18.482549586735));
#597 = B_SPLINE_CURVE_WITH_KNOTS('',7,(#598,#599,#600,#601,#602,#603,
    #604,#605,#606,#607,#608,#609,#610,#611,#612,#613,#614,#615,#616,
    #617,#618,#619,#620,#621,#622,#623,#624,#625,#626,#627,#628,#629,
    #630,#631,#632,#633,#634,#635,#636,#637,#638,#639,#640,#641,#642,
    #643,#644,#645,#646,#647,#648,#649,#650,#651,#652,#653,#654,#655,
    #656,#657,#658,#659),.UNSPECIFIED.,.F.,.F.,(8,6,6,6,6,6,6,6,6,6,8),(
    0.,0.256459232903,0.404568859187,0.443381639208,0.463446390493,
    0.50388006039,0.548084382114,0.571225895866,0.618800825969,
    0.781145076703,1.),.UNSPECIFIED.);
#598 = CARTESIAN_POINT('',(-16.66134428128,11.063435575833,
    18.482549586735));
#599 = CARTESIAN_POINT('',(-16.5971888813,11.160052508175,
    18.472484201902));
#600 = CARTESIAN_POINT('',(-16.53297432608,11.255340004774,
    18.461181039183));
#601 = CARTESIAN_POINT('',(-16.4687925399,11.349207745446,18.44853615648
    ));
#602 = CARTESIAN_POINT('',(-16.40484360118,11.441407043736,
    18.434421208188));
#603 = CARTESIAN_POINT('',(-16.34152985824,11.531426825301,
    18.418644342607));
#604 = CARTESIAN_POINT('',(-16.27939668235,11.618593471704,
    18.400995282732));
#605 = CARTESIAN_POINT('',(-16.18495268603,11.749502064786,
    18.369468117947));
#606 = CARTESIAN_POINT('',(-16.15122685168,11.79590119059,18.35717831992
    ));
#607 = CARTESIAN_POINT('',(-16.11847048069,11.840645093308,
    18.344030100568));
#608 = CARTESIAN_POINT('',(-16.08699934361,11.883337633366,
    18.329917648782));
#609 = CARTESIAN_POINT('',(-16.05735726966,11.923289082529,
    18.314742639954));
#610 = CARTESIAN_POINT('',(-16.03031931996,11.959530759096,
    18.29842466332));
#611 = CARTESIAN_POINT('',(-16.00088327515,11.998826540508,
    18.276288405643));
#612 = CARTESIAN_POINT('',(-15.99503044168,12.006629697659,
    18.271611260534));
#613 = CARTESIAN_POINT('',(-15.98945820754,12.014049719128,
    18.266853689118));
#614 = CARTESIAN_POINT('',(-15.98419025401,12.021056682112,
    18.262017068777));
#615 = CARTESIAN_POINT('',(-15.97925183034,12.027618650679,
    18.257104020119));
#616 = CARTESIAN_POINT('',(-15.97466893946,12.033702713141,
    18.252118594026));
#617 = CARTESIAN_POINT('',(-15.96829554947,12.042157209706,
    18.244454694256));
#618 = CARTESIAN_POINT('',(-15.96622551593,12.044901909109,
    18.241825139395));
#619 = CARTESIAN_POINT('',(-15.96426108797,12.047505474798,
    18.239178609027));
#620 = CARTESIAN_POINT('',(-15.96240582172,12.049963400054,
    18.236516053938));
#621 = CARTESIAN_POINT('',(-15.9606631646,12.052271314279,
    18.233838560784));
#622 = CARTESIAN_POINT('',(-15.95903645535,12.054424982992,
    18.231147352099));
#623 = CARTESIAN_POINT('',(-15.95449100823,12.060441205223,
    18.222995670539));
#624 = CARTESIAN_POINT('',(-15.95193656173,12.063819734342,
    18.217496724192));
#625 = CARTESIAN_POINT('',(-15.94989216559,12.066522142152,
    18.211959067505));
#626 = CARTESIAN_POINT('',(-15.94837994182,12.068520329874,
    18.206396232426));
#627 = CARTESIAN_POINT('',(-15.94741599472,12.069793825632,
    18.200823069011));
#628 = CARTESIAN_POINT('',(-15.94700885227,12.070331757098,
    18.195255651831));
#629 = CARTESIAN_POINT('',(-15.94732086292,12.069919526151,
    18.183649670465));
#630 = CARTESIAN_POINT('',(-15.94814863145,12.068825856091,
    18.177614145695));
#631 = CARTESIAN_POINT('',(-15.94964100512,12.066854020118,
    18.171627338769));
#632 = CARTESIAN_POINT('',(-15.95178472667,12.064020748508,
    18.165709196553));
#633 = CARTESIAN_POINT('',(-15.95455602317,12.060356102011,
    18.159876961706));
#634 = CARTESIAN_POINT('',(-15.95792313966,12.055900278218,
    18.154145248276));
#635 = CARTESIAN_POINT('',(-15.96390404302,12.047978226201,
    18.145584432171));
#636 = CARTESIAN_POINT('',(-15.96611254742,12.045051811538,
    18.142673357177));
#637 = CARTESIAN_POINT('',(-15.96846909491,12.041927870631,
    18.139794403775));
#638 = CARTESIAN_POINT('',(-15.97096829536,12.038613224316,
    18.136948840991));
#639 = CARTESIAN_POINT('',(-15.97360465958,12.035114817565,
    18.134137695429));
#640 = CARTESIAN_POINT('',(-15.97637259929,12.031439719486,
    18.131361751271));
#641 = CARTESIAN_POINT('',(-15.9852156342,12.019691301842,
    18.122988173309));
#642 = CARTESIAN_POINT('',(-15.99169679765,12.011071265858,
    18.117506301689));
#643 = CARTESIAN_POINT('',(-15.99866196761,12.001795602633,
    18.112180080701));
#644 = CARTESIAN_POINT('',(-16.00606463614,11.991923087946,
    18.107010732302));
#645 = CARTESIAN_POINT('',(-16.0138612263,11.981508770747,
    18.101997105402));
#646 = CARTESIAN_POINT('',(-16.02201258115,11.970602057794,
    18.097136226144));
#647 = CARTESIAN_POINT('',(-16.05939820175,11.920489391212,
    18.076343373284));
#648 = CARTESIAN_POINT('',(-16.09197672852,11.87659221789,
    18.062034655032));
#649 = CARTESIAN_POINT('',(-16.12698826372,11.829098409392,
    18.049238939437));
#650 = CARTESIAN_POINT('',(-16.16364989251,11.778985581141,
    18.037780228712));
#651 = CARTESIAN_POINT('',(-16.20141624608,11.726947830113,
    18.027488895002));
#652 = CARTESIAN_POINT('',(-16.23999510485,11.673351481495,
    18.01822084192));
#653 = CARTESIAN_POINT('',(-16.33226533149,11.544064492458,
    17.998563845161));
#654 = CARTESIAN_POINT('',(-16.38635910493,11.467434435059,
    17.988946969547));
#655 = CARTESIAN_POINT('',(-16.44107032958,11.389018345786,
    17.980725434254));
#656 = CARTESIAN_POINT('',(-16.49610093554,11.309187327543,
    17.97374367512));
#657 = CARTESIAN_POINT('',(-16.55123514165,11.228215455389,
    17.967875361591));
#658 = CARTESIAN_POINT('',(-16.60634148264,11.146268848286,
    17.963029410576));
#659 = CARTESIAN_POINT('',(-16.66134433048,11.063435501732,
    17.959135328484));
#660 = ORIENTED_EDGE('',*,*,#661,.F.);
#661 = EDGE_CURVE('',#266,#595,#662,.T.);
#662 = B_SPLINE_CURVE_WITH_KNOTS('',4,(#663,#664,#665,#666,#667,#668,
    #669,#670,#671,#672,#673,#674,#675,#676),.UNSPECIFIED.,.F.,.F.,(5,3,
    3,3,5),(0.,0.24999594918,0.499994376806,0.74999656261,1.),
  .UNSPECIFIED.);
#663 = CARTESIAN_POINT('',(-20.00000000006,-6.661338147483E-15,
    19.499999999968));
#664 = CARTESIAN_POINT('',(-20.00000000006,0.732695939851,
    19.436409517684));
#665 = CARTESIAN_POINT('',(-19.9642103884,1.465393348692,19.372819156296
    ));
#666 = CARTESIAN_POINT('',(-19.89263136239,2.195463735371,
    19.309228711758));
#667 = CARTESIAN_POINT('',(-19.67866055447,3.645157467077,
    19.182047634276));
#668 = CARTESIAN_POINT('',(-19.5362676652,4.364783442252,19.118456897543
    ));
#669 = CARTESIAN_POINT('',(-19.35885177047,5.07658476384,19.054866472981
    ));
#670 = CARTESIAN_POINT('',(-18.93548908636,6.47951571777,18.927685256393
    ));
#671 = CARTESIAN_POINT('',(-18.68954046585,7.17064769869,18.864094391161
    ));
#672 = CARTESIAN_POINT('',(-18.41008572877,7.848924430588,
    18.800503699918));
#673 = CARTESIAN_POINT('',(-17.78639957475,9.175013177123,
    18.673322198754));
#674 = CARTESIAN_POINT('',(-17.44216665049,9.822827552918,
    18.609731316231));
#675 = CARTESIAN_POINT('',(-17.06666358796,10.453031649638,
    18.546140411503));
#676 = CARTESIAN_POINT('',(-16.66134428143,11.0634355756,18.482549586713
    ));
#677 = ORIENTED_EDGE('',*,*,#265,.T.);
#678 = ORIENTED_EDGE('',*,*,#679,.F.);
#679 = EDGE_CURVE('',#568,#268,#680,.T.);
#680 = B_SPLINE_CURVE_WITH_KNOTS('',11,(#681,#682,#683,#684,#685,#686,
    #687,#688,#689,#690,#691,#692),.UNSPECIFIED.,.F.,.F.,(12,12),(0.,
    6.311768183668),.PIECEWISE_BEZIER_KNOTS.);
#681 = CARTESIAN_POINT('',(-20.,-3.563416727565E-15,17.5));
#682 = CARTESIAN_POINT('',(-20.00000019466,-11.42397344244,
    17.772727270517));
#683 = CARTESIAN_POINT('',(-12.82364936447,-22.8476870709,
    18.045454549327));
#684 = CARTESIAN_POINT('',(1.543937892676,-29.26297761967,
    18.318181808111));
#685 = CARTESIAN_POINT('',(19.096145810519,-25.64145989014,
    18.590909106504));
#686 = CARTESIAN_POINT('',(32.183550640241,-10.57456681298,
    18.86363634161));
#687 = CARTESIAN_POINT('',(32.183554082368,10.574566934331,
    19.136363658191));
#688 = CARTESIAN_POINT('',(19.096142940924,25.641459636943,
    19.409090890435));
#689 = CARTESIAN_POINT('',(1.543939743715,29.262977901814,
    19.681818192658));
#690 = CARTESIAN_POINT('',(-12.82365029335,22.847686902801,
    19.954545448519));
#691 = CARTESIAN_POINT('',(-19.99999986595,11.423973464093,
    20.227272728773));
#692 = CARTESIAN_POINT('',(-20.00000009616,-1.887845076819E-09,
    20.499999998894));
#693 = ORIENTED_EDGE('',*,*,#567,.F.);
#694 = CYLINDRICAL_SURFACE('',#695,20.);
#695 = AXIS2_PLACEMENT_3D('',#696,#697,#698);
#696 = CARTESIAN_POINT('',(0.,3.330669073875E-15,15.));
#697 = DIRECTION('',(0.,2.22044604925E-16,1.));
#698 = DIRECTION('',(-1.,0.,0.));
#699 = ADVANCED_FACE('',(#700),#710,.F.);
#700 = FACE_BOUND('',#701,.F.);
#701 = EDGE_LOOP('',(#702,#703,#708,#709));
#702 = ORIENTED_EDGE('',*,*,#470,.F.);
#703 = ORIENTED_EDGE('',*,*,#704,.T.);
#704 = EDGE_CURVE('',#459,#276,#705,.T.);
#705 = B_SPLINE_CURVE_WITH_KNOTS('',1,(#706,#707),.UNSPECIFIED.,.F.,.F.,
  (2,2),(-1.746949759956,-0.),.PIECEWISE_BEZIER_KNOTS.);
#706 = CARTESIAN_POINT('',(-21.58327426717,-1.886280022799E-09,
    21.761707127967));
#707 = CARTESIAN_POINT('',(-20.00000009616,-1.887845006024E-09,
    22.499999998923));
#708 = ORIENTED_EDGE('',*,*,#308,.T.);
#709 = ORIENTED_EDGE('',*,*,#433,.F.);
#710 = B_SPLINE_SURFACE_WITH_KNOTS('',1,9,(
    (#711,#712,#713,#714,#715,#716,#717,#718,#719,#720)
    ,(#721,#722,#723,#724,#725,#726,#727,#728,#729,#730
  )),.UNSPECIFIED.,.F.,.F.,.F.,(2,2),(10,10),(-1.746949759956,-0.),(0.,
    4.207845455778),.PIECEWISE_BEZIER_KNOTS.);
#711 = CARTESIAN_POINT('',(-21.58327426717,-1.886181877353E-09,
    21.761707127996));
#712 = CARTESIAN_POINT('',(-21.58327380334,-10.04531174138,
    21.983929355417));
#713 = CARTESIAN_POINT('',(-16.3230617878,-20.09185361739,22.20615156198
    ));
#714 = CARTESIAN_POINT('',(-5.806590887436,-26.98159129726,
    22.428373815902));
#715 = CARTESIAN_POINT('',(7.78332958923,-27.61260803026,22.650595991477
    ));
#716 = CARTESIAN_POINT('',(20.021556613674,-20.5468691399,
    22.872818266238));
#717 = CARTESIAN_POINT('',(26.270039002819,-8.462137171583,
    23.095040442107));
#718 = CARTESIAN_POINT('',(25.561585930033,4.090257530218,
    23.317262695898));
#719 = CARTESIAN_POINT('',(19.491132443087,13.669008206489,
    23.539484902346));
#720 = CARTESIAN_POINT('',(10.791637049286,18.691663668729,
    23.761707129859));
#721 = CARTESIAN_POINT('',(-20.00000009616,-1.88772375509E-09,
    22.499999998923));
#722 = CARTESIAN_POINT('',(-19.99999963233,-9.308422481341,
    22.722222226348));
#723 = CARTESIAN_POINT('',(-15.1256586385,-18.61798492649,
    22.944444433151));
#724 = CARTESIAN_POINT('',(-5.380639373373,-25.00231526874,
    23.166666686183));
#725 = CARTESIAN_POINT('',(7.212371338595,-25.58704278969,
    23.388888863491));
#726 = CARTESIAN_POINT('',(18.552844783616,-19.03962217002,
    23.611111136126));
#727 = CARTESIAN_POINT('',(24.342959923999,-7.841383989311,
    23.833333313526));
#728 = CARTESIAN_POINT('',(23.686476627219,3.790210329815,
    24.055555566795));
#729 = CARTESIAN_POINT('',(18.061330538606,12.666297183261,
    24.277777773268));
#730 = CARTESIAN_POINT('',(9.99999996378,17.32050801548,24.500000000786)
  );
#731 = ADVANCED_FACE('',(#732,#735),#746,.T.);
#732 = FACE_BOUND('',#733,.T.);
#733 = EDGE_LOOP('',(#734));
#734 = ORIENTED_EDGE('',*,*,#300,.T.);
#735 = FACE_BOUND('',#736,.T.);
#736 = EDGE_LOOP('',(#737));
#737 = ORIENTED_EDGE('',*,*,#738,.F.);
#738 = EDGE_CURVE('',#739,#739,#741,.T.);
#739 = VERTEX_POINT('',#740);
#740 = CARTESIAN_POINT('',(-17.,5.551115123126E-15,25.));
#741 = CIRCLE('',#742,17.);
#742 = AXIS2_PLACEMENT_3D('',#743,#744,#745);
#743 = CARTESIAN_POINT('',(0.,5.551115123126E-15,25.));
#744 = DIRECTION('',(0.,2.22044604925E-16,1.));
#745 = DIRECTION('',(-1.,0.,0.));
#746 = PLANE('',#747);
#747 = AXIS2_PLACEMENT_3D('',#748,#749,#750);
#748 = CARTESIAN_POINT('',(0.,5.551115123126E-15,25.));
#749 = DIRECTION('',(0.,2.22044604925E-16,1.));
#750 = DIRECTION('',(-1.,0.,0.));
#751 = ADVANCED_FACE('',(#752),#778,.F.);
#752 = FACE_BOUND('',#753,.F.);
#753 = EDGE_LOOP('',(#754,#771,#776,#777));
#754 = ORIENTED_EDGE('',*,*,#755,.F.);
#755 = EDGE_CURVE('',#756,#459,#758,.T.);
#756 = VERTEX_POINT('',#757);
#757 = CARTESIAN_POINT('',(-21.58327417101,5.149269195842E-15,
    18.761707129059));
#758 = ( BOUNDED_CURVE() B_SPLINE_CURVE(11,(#759,#760,#761,#762,#763,
    #764,#765,#766,#767,#768,#769,#770),.UNSPECIFIED.,.F.,.F.) 
B_SPLINE_CURVE_WITH_KNOTS((12,12),(0.,6.311768183668),
.PIECEWISE_BEZIER_KNOTS.) CURVE() GEOMETRIC_REPRESENTATION_ITEM() 
RATIONAL_B_SPLINE_CURVE((1.066784588776,1.066784588776,1.066784588776,
    1.066784588776,1.066784588775,1.066784588777,1.066784588775,
    1.066784588776,1.066784588776,1.066784588776,1.066784588776,
1.066784588776)) REPRESENTATION_ITEM('') );
#759 = CARTESIAN_POINT('',(-21.58327417104,-4.547473508865E-13,
    18.761707129102));
#760 = CARTESIAN_POINT('',(-21.58327436496,-12.32833753401,
    19.034434392466));
#761 = CARTESIAN_POINT('',(-13.83881704011,-24.65639475997,
    19.307161708217));
#762 = CARTESIAN_POINT('',(1.666161821777,-31.5795432863,19.579888862849
    ));
#763 = CARTESIAN_POINT('',(20.607867391082,-27.67133325823,
    19.852616369812));
#764 = CARTESIAN_POINT('',(34.731320040737,-11.41168829786,
    20.125343287335));
#765 = CARTESIAN_POINT('',(34.731323371409,11.411688419216,
    20.398070980795));
#766 = CARTESIAN_POINT('',(20.607864608028,27.671333005045,
    20.670797862695));
#767 = CARTESIAN_POINT('',(1.666163623217,31.579543568409,
    20.943525417155));
#768 = CARTESIAN_POINT('',(-13.83881794964,24.656394591899,
    21.216252536804));
#769 = CARTESIAN_POINT('',(-21.58327404054,12.328337555649,
    21.488979868096));
#770 = CARTESIAN_POINT('',(-21.5832742672,-1.886292011477E-09,
    21.761707127996));
#771 = ORIENTED_EDGE('',*,*,#772,.T.);
#772 = EDGE_CURVE('',#756,#266,#773,.T.);
#773 = B_SPLINE_CURVE_WITH_KNOTS('',1,(#774,#775),.UNSPECIFIED.,.F.,.F.,
  (2,2),(-1.746949759956,-0.),.PIECEWISE_BEZIER_KNOTS.);
#774 = CARTESIAN_POINT('',(-21.58327417101,1.029853839168E-14,
    18.761707129073));
#775 = CARTESIAN_POINT('',(-20.,-3.492622182845E-15,19.5));
#776 = ORIENTED_EDGE('',*,*,#275,.T.);
#777 = ORIENTED_EDGE('',*,*,#704,.F.);
#778 = B_SPLINE_SURFACE_WITH_KNOTS('',1,11,(
    (#779,#780,#781,#782,#783,#784,#785,#786,#787,#788,#789,#790)
    ,(#791,#792,#793,#794,#795,#796,#797,#798,#799,#800,#801,#802
  )),.UNSPECIFIED.,.F.,.F.,.F.,(2,2),(12,12),(-1.746949759956,-0.),(0.,
    6.311768183668),.PIECEWISE_BEZIER_KNOTS.);
#779 = CARTESIAN_POINT('',(-21.58327417101,1.029853839168E-14,
    18.761707129073));
#780 = CARTESIAN_POINT('',(-21.58327436567,-12.32833753402,
    19.034434399592));
#781 = CARTESIAN_POINT('',(-13.83881703577,-24.65639475991,
    19.30716167839));
#782 = CARTESIAN_POINT('',(1.666161807214,-31.57954328641,
    19.579888937214));
#783 = CARTESIAN_POINT('',(20.607867423448,-27.67133325806,
    19.85261623552));
#784 = CARTESIAN_POINT('',(34.731319989897,-11.41168829803,
    20.125343470762));
#785 = CARTESIAN_POINT('',(34.731323431891,11.411688419333,
    20.398070787185));
#786 = CARTESIAN_POINT('',(20.607864553945,27.671333004968,
    20.670798019565));
#787 = CARTESIAN_POINT('',(1.666163658211,31.579543568464,
    20.943525321702));
#788 = CARTESIAN_POINT('',(-13.83881796464,24.656394591867,
    21.216252577602));
#789 = CARTESIAN_POINT('',(-21.58327403696,12.328337555662,
    21.488979857845));
#790 = CARTESIAN_POINT('',(-21.58327426717,-1.886280022799E-09,
    21.761707127967));
#791 = CARTESIAN_POINT('',(-20.,-3.492622182845E-15,19.5));
#792 = CARTESIAN_POINT('',(-20.00000019466,-11.42397344244,
    19.772727270518));
#793 = CARTESIAN_POINT('',(-12.82364936447,-22.84768707089,
    20.045454549052));
#794 = CARTESIAN_POINT('',(1.543937892681,-29.26297761967,
    20.318181808455));
#795 = CARTESIAN_POINT('',(19.096145810506,-25.64145989013,
    20.590909106691));
#796 = CARTESIAN_POINT('',(32.183550640265,-10.574566813,20.863636339885
    ));
#797 = CARTESIAN_POINT('',(32.183554082334,10.574566934355,
    21.136363661244));
#798 = CARTESIAN_POINT('',(19.096142940953,25.641459636925,
    21.409090887247));
#799 = CARTESIAN_POINT('',(1.543939743699,29.262977901821,
    21.681818194616));
#800 = CARTESIAN_POINT('',(-12.82365029334,22.847686902799,
    21.954545447789));
#801 = CARTESIAN_POINT('',(-19.99999986596,11.423973464092,
    22.227272728802));
#802 = CARTESIAN_POINT('',(-20.00000009616,-1.887845006024E-09,
    22.499999998923));
#803 = ADVANCED_FACE('',(#804),#830,.F.);
#804 = FACE_BOUND('',#805,.F.);
#805 = EDGE_LOOP('',(#806,#807,#814,#829));
#806 = ORIENTED_EDGE('',*,*,#679,.F.);
#807 = ORIENTED_EDGE('',*,*,#808,.T.);
#808 = EDGE_CURVE('',#568,#809,#811,.T.);
#809 = VERTEX_POINT('',#810);
#810 = CARTESIAN_POINT('',(-21.58327417104,-2.273736754432E-13,
    18.238292870912));
#811 = B_SPLINE_CURVE_WITH_KNOTS('',1,(#812,#813),.UNSPECIFIED.,.F.,.F.,
  (2,2),(-1.746949759956,-0.),.PIECEWISE_BEZIER_KNOTS.);
#812 = CARTESIAN_POINT('',(-20.,-1.611408126696E-14,17.499999999971));
#813 = CARTESIAN_POINT('',(-21.58327417101,3.415101755305E-14,
    18.238292870898));
#814 = ORIENTED_EDGE('',*,*,#815,.T.);
#815 = EDGE_CURVE('',#809,#388,#816,.T.);
#816 = B_SPLINE_CURVE_WITH_KNOTS('',11,(#817,#818,#819,#820,#821,#822,
    #823,#824,#825,#826,#827,#828),.UNSPECIFIED.,.F.,.F.,(12,12),(0.,
    6.311768183668),.PIECEWISE_BEZIER_KNOTS.);
#817 = CARTESIAN_POINT('',(-21.58327417101,3.415101755305E-14,
    18.238292870898));
#818 = CARTESIAN_POINT('',(-21.58327436567,-12.32833753402,
    18.511020141416));
#819 = CARTESIAN_POINT('',(-13.83881703577,-24.65639475991,
    18.783747419969));
#820 = CARTESIAN_POINT('',(1.666161807211,-31.57954328642,19.05647467929
    ));
#821 = CARTESIAN_POINT('',(20.607867423448,-27.67133325805,
    19.329201977663));
#822 = CARTESIAN_POINT('',(34.731319989901,-11.41168829804,
    19.601929210779));
#823 = CARTESIAN_POINT('',(34.731323431887,11.411688419334,
    19.874656532036));
#824 = CARTESIAN_POINT('',(20.60786455395,27.671333004975,20.14738375829
    ));
#825 = CARTESIAN_POINT('',(1.666163658209,31.579543568459,
    20.420111065418));
#826 = CARTESIAN_POINT('',(-13.83881796464,24.656394591868,
    20.692838318716));
#827 = CARTESIAN_POINT('',(-21.58327403696,12.328337555662,
    20.965565599699));
#828 = CARTESIAN_POINT('',(-21.58327426717,-1.886327224593E-09,
    21.238292869821));
#829 = ORIENTED_EDGE('',*,*,#387,.F.);
#830 = B_SPLINE_SURFACE_WITH_KNOTS('',1,11,(
    (#831,#832,#833,#834,#835,#836,#837,#838,#839,#840,#841,#842)
    ,(#843,#844,#845,#846,#847,#848,#849,#850,#851,#852,#853,#854
  )),.UNSPECIFIED.,.F.,.F.,.F.,(2,2),(12,12),(-1.746949759956,-0.),(0.,
    6.311768183668),.PIECEWISE_BEZIER_KNOTS.);
#831 = CARTESIAN_POINT('',(-20.,-1.611408126696E-14,17.499999999971));
#832 = CARTESIAN_POINT('',(-20.00000019466,-11.42397344244,
    17.772727270488));
#833 = CARTESIAN_POINT('',(-12.82364936447,-22.8476870709,
    18.045454549299));
#834 = CARTESIAN_POINT('',(1.543937892684,-29.26297761967,
    18.318181808078));
#835 = CARTESIAN_POINT('',(19.0961458105,-25.64145989015,18.590909106482
    ));
#836 = CARTESIAN_POINT('',(32.183550640275,-10.57456681297,
    18.863636341572));
#837 = CARTESIAN_POINT('',(32.18355408233,10.574566934318,
    19.136363658171));
#838 = CARTESIAN_POINT('',(19.096142940951,25.641459636951,
    19.409090890398));
#839 = CARTESIAN_POINT('',(1.543939743703,29.262977901813,
    19.681818192633));
#840 = CARTESIAN_POINT('',(-12.82365029335,22.847686902801,
    19.954545448488));
#841 = CARTESIAN_POINT('',(-19.99999986595,11.423973464093,
    20.227272728744));
#842 = CARTESIAN_POINT('',(-20.00000009617,-1.887864732911E-09,
    20.499999998865));
#843 = CARTESIAN_POINT('',(-21.58327417101,3.415101755305E-14,
    18.238292870898));
#844 = CARTESIAN_POINT('',(-21.58327436567,-12.32833753402,
    18.511020141416));
#845 = CARTESIAN_POINT('',(-13.83881703577,-24.65639475991,
    18.783747419969));
#846 = CARTESIAN_POINT('',(1.666161807211,-31.57954328642,19.05647467929
    ));
#847 = CARTESIAN_POINT('',(20.607867423448,-27.67133325805,
    19.329201977663));
#848 = CARTESIAN_POINT('',(34.731319989901,-11.41168829804,
    19.601929210779));
#849 = CARTESIAN_POINT('',(34.731323431887,11.411688419334,
    19.874656532036));
#850 = CARTESIAN_POINT('',(20.60786455395,27.671333004975,20.14738375829
    ));
#851 = CARTESIAN_POINT('',(1.666163658209,31.579543568459,
    20.420111065418));
#852 = CARTESIAN_POINT('',(-13.83881796464,24.656394591868,
    20.692838318716));
#853 = CARTESIAN_POINT('',(-21.58327403696,12.328337555662,
    20.965565599699));
#854 = CARTESIAN_POINT('',(-21.58327426717,-1.886327224593E-09,
    21.238292869821));
#855 = ADVANCED_FACE('',(#856),#871,.F.);
#856 = FACE_BOUND('',#857,.F.);
#857 = EDGE_LOOP('',(#858,#859,#869,#870));
#858 = ORIENTED_EDGE('',*,*,#815,.F.);
#859 = ORIENTED_EDGE('',*,*,#860,.T.);
#860 = EDGE_CURVE('',#809,#756,#861,.T.);
#861 = ( BOUNDED_CURVE() B_SPLINE_CURVE(6,(#862,#863,#864,#865,#866,#867
,#868),.UNSPECIFIED.,.F.,.F.) B_SPLINE_CURVE_WITH_KNOTS((7,7),(
2.007128639793,4.276056667386),.PIECEWISE_BEZIER_KNOTS.) CURVE() 
GEOMETRIC_REPRESENTATION_ITEM() RATIONAL_B_SPLINE_CURVE((1.066784588776,
    1.020271475493,0.995708563644,0.987595810361,0.995708563644,
1.020271475493,1.066784588776)) REPRESENTATION_ITEM('') );
#862 = CARTESIAN_POINT('',(-21.58327417104,-4.547473508865E-13,
    18.238292870927));
#863 = CARTESIAN_POINT('',(-21.68674746793,0.,18.286543261638));
#864 = CARTESIAN_POINT('',(-21.7618151677,-4.547473508865E-13,
    18.380120350601));
#865 = CARTESIAN_POINT('',(-21.78934829527,4.547473508865E-13,
    18.499999999942));
#866 = CARTESIAN_POINT('',(-21.76181516773,-9.094947017729E-13,
    18.619879649399));
#867 = CARTESIAN_POINT('',(-21.68674746793,0.,18.713456738333));
#868 = CARTESIAN_POINT('',(-21.58327417104,-4.547473508865E-13,
    18.761707129102));
#869 = ORIENTED_EDGE('',*,*,#755,.T.);
#870 = ORIENTED_EDGE('',*,*,#458,.F.);
#871 = ( BOUNDED_SURFACE() B_SPLINE_SURFACE(6,11,(
    (#872,#873,#874,#875,#876,#877,#878,#879,#880,#881,#882,#883)
    ,(#884,#885,#886,#887,#888,#889,#890,#891,#892,#893,#894,#895)
    ,(#896,#897,#898,#899,#900,#901,#902,#903,#904,#905,#906,#907)
    ,(#908,#909,#910,#911,#912,#913,#914,#915,#916,#917,#918,#919)
    ,(#920,#921,#922,#923,#924,#925,#926,#927,#928,#929,#930,#931)
    ,(#932,#933,#934,#935,#936,#937,#938,#939,#940,#941,#942,#943)
    ,(#944,#945,#946,#947,#948,#949,#950,#951,#952,#953,#954,#955
)),.UNSPECIFIED.,.F.,.F.,.F.) B_SPLINE_SURFACE_WITH_KNOTS((7,7),(12,12),
  (2.007128639793,4.276056667386),(0.,6.311768183668),
.PIECEWISE_BEZIER_KNOTS.) GEOMETRIC_REPRESENTATION_ITEM() 
RATIONAL_B_SPLINE_SURFACE((
    (1.066784588776,1.066784588776,1.066784588776,1.066784588776
      ,1.066784588775,1.066784588777,1.066784588775,1.066784588776
      ,1.066784588776,1.066784588776,1.066784588776,1.066784588776)
    ,(1.020271475493,1.020271475493,1.020271475492,1.020271475494
      ,1.020271475491,1.020271475495,1.02027147549,1.020271475494
      ,1.020271475492,1.020271475493,1.020271475492,1.020271475493)
    ,(0.995708563644,0.995708563644,0.995708563643,0.995708563645
      ,0.995708563642,0.995708563646,0.995708563642,0.995708563645
      ,0.995708563643,0.995708563644,0.995708563644,0.995708563644)
    ,(0.987595810361,0.987595810361,0.987595810361,0.987595810362
      ,0.98759581036,0.987595810362,0.98759581036,0.987595810362
      ,0.987595810361,0.987595810361,0.987595810361,0.987595810361)
    ,(0.995708563644,0.995708563644,0.995708563643,0.995708563645
      ,0.995708563642,0.995708563646,0.995708563642,0.995708563645
      ,0.995708563643,0.995708563644,0.995708563644,0.995708563644)
    ,(1.020271475493,1.020271475493,1.020271475492,1.020271475494
      ,1.020271475491,1.020271475495,1.02027147549,1.020271475495
      ,1.020271475491,1.020271475493,1.020271475492,1.020271475493)
    ,(1.066784588776,1.066784588776,1.066784588776,1.066784588776
      ,1.066784588775,1.066784588777,1.066784588775,1.066784588776
      ,1.066784588776,1.066784588776,1.066784588776,1.066784588776
))) REPRESENTATION_ITEM('') SURFACE() );
#872 = CARTESIAN_POINT('',(-21.58327417104,-4.547473508865E-13,
    18.238292870927));
#873 = CARTESIAN_POINT('',(-21.5832743649,-12.32833753401,
    18.511020143516));
#874 = CARTESIAN_POINT('',(-13.83881703982,-24.65639475997,
    18.783747411944));
#875 = CARTESIAN_POINT('',(1.666161819128,-31.5795432863,19.056474696263
    ));
#876 = CARTESIAN_POINT('',(20.607867399842,-27.67133325823,
    19.329201954388));
#877 = CARTESIAN_POINT('',(34.731320025137,-11.41168829786,
    19.601929232565));
#878 = CARTESIAN_POINT('',(34.731323390384,11.411688419216,
    19.874656519649));
#879 = CARTESIAN_POINT('',(20.607864590944,27.671333005045,
    20.147383760544));
#880 = CARTESIAN_POINT('',(1.66616363448,31.579543568409,20.420111067884
    ));
#881 = CARTESIAN_POINT('',(-13.83881795461,24.656394591899,
    20.692838316492));
#882 = CARTESIAN_POINT('',(-21.58327403935,12.328337555649,
    20.965565600723));
#883 = CARTESIAN_POINT('',(-21.5832742672,-1.886292011477E-09,
    21.23829286985));
#884 = CARTESIAN_POINT('',(-21.68674746793,0.,18.286543261638));
#885 = CARTESIAN_POINT('',(-21.68674766965,-12.38744134306,
    18.559270538506));
#886 = CARTESIAN_POINT('',(-13.90516227152,-24.77460103817,
    18.831997784961));
#887 = CARTESIAN_POINT('',(1.674149552564,-31.73094011496,
    19.104725132696));
#888 = CARTESIAN_POINT('',(20.706664612953,-27.80399359655,
    19.377452258836));
#889 = CARTESIAN_POINT('',(34.897826710629,-11.46639753582,
    19.650179747812));
#890 = CARTESIAN_POINT('',(34.897830552538,11.466397657343,
    19.922906770458));
#891 = CARTESIAN_POINT('',(20.706661431846,27.803993343005,
    20.195634271367));
#892 = CARTESIAN_POINT('',(1.674151588028,31.730940397391,
    20.468361382955));
#893 = CARTESIAN_POINT('',(-13.9051632783,24.774600869942,
    20.741088740178));
#894 = CARTESIAN_POINT('',(-21.68674732153,12.387441364753,
    21.013815982937));
#895 = CARTESIAN_POINT('',(-21.68674756409,-1.886292011477E-09,
    21.286543260532));
#896 = CARTESIAN_POINT('',(-21.7618151677,-4.547473508865E-13,
    18.380120350601));
#897 = CARTESIAN_POINT('',(-21.76181536691,-12.43031991285,
    18.652847626043));
#898 = CARTESIAN_POINT('',(-13.95329437751,-24.86035720651,
    18.925574878551));
#899 = CARTESIAN_POINT('',(1.679944580945,-31.84077532732,
    19.198302213597));
#900 = CARTESIAN_POINT('',(20.778339730401,-27.90023588342,
    19.471029357112));
#901 = CARTESIAN_POINT('',(35.018624070275,-11.50608793327,
    19.743756830139));
#902 = CARTESIAN_POINT('',(35.018627701647,11.506088054679,
    20.016483861458));
#903 = CARTESIAN_POINT('',(20.778336712159,27.900235630128,
    20.289211361291));
#904 = CARTESIAN_POINT('',(1.679946520395,31.840775609512,20.56193847055
    ));
#905 = CARTESIAN_POINT('',(-13.95329534323,24.860357038404,
    20.83466582917));
#906 = CARTESIAN_POINT('',(-21.7618150294,12.430319934499,21.10739307222
    ));
#907 = CARTESIAN_POINT('',(-21.76181526386,-1.886746758828E-09,
    21.380120349466));
#908 = CARTESIAN_POINT('',(-21.78934829527,4.547473508865E-13,
    18.499999999942));
#909 = CARTESIAN_POINT('',(-21.78934848663,-12.44604679848,
    18.772727271775));
#910 = CARTESIAN_POINT('',(-13.9709481702,-24.89181062165,
    19.045454543928));
#911 = CARTESIAN_POINT('',(1.682070137671,-31.88106038873,
    19.318181819835));
#912 = CARTESIAN_POINT('',(20.804628411366,-27.93553536896,
    19.590909087652));
#913 = CARTESIAN_POINT('',(35.062929960695,-11.52064546924,
    19.863636365946));
#914 = CARTESIAN_POINT('',(35.062933189271,11.52064559052,20.13636363222
    ));
#915 = CARTESIAN_POINT('',(20.804625703458,27.935535115923,
    20.409090913308));
#916 = CARTESIAN_POINT('',(1.68207189758,31.881060670706,20.681818176847
    ));
#917 = CARTESIAN_POINT('',(-13.97094906261,24.891810453648,
    20.954545456014));
#918 = CARTESIAN_POINT('',(-21.78934816666,12.446046820104,
    21.227272726683));
#919 = CARTESIAN_POINT('',(-21.78934839146,-1.886292011477E-09,
    21.499999998865));
#920 = CARTESIAN_POINT('',(-21.76181516773,-9.094947017729E-13,
    18.619879649399));
#921 = CARTESIAN_POINT('',(-21.76181536194,-12.43031991291,
    18.892606926151));
#922 = CARTESIAN_POINT('',(-13.95329439782,-24.86035720624,
    19.165334173798));
#923 = CARTESIAN_POINT('',(1.679944628588,-31.84077532799,
    19.438061514433));
#924 = CARTESIAN_POINT('',(20.778339651384,-27.90023588223,
    19.71078866563));
#925 = CARTESIAN_POINT('',(35.018624169868,-11.50608793483,
    19.983516097505));
#926 = CARTESIAN_POINT('',(35.018627604237,11.506088056202,
    20.256243209791));
#927 = CARTESIAN_POINT('',(20.778336785093,27.900235628989,
    20.528970610729));
#928 = CARTESIAN_POINT('',(1.679946479591,31.840775610156,
    20.801697801973));
#929 = CARTESIAN_POINT('',(-13.95329532731,24.860357038142,
    21.074425114202));
#930 = CARTESIAN_POINT('',(-21.76181503318,12.430319934563,
    21.347152374365));
#931 = CARTESIAN_POINT('',(-21.76181526389,-1.887201506179E-09,
    21.619879648293));
#932 = CARTESIAN_POINT('',(-21.68674746793,0.,18.713456738333));
#933 = CARTESIAN_POINT('',(-21.68674766752,-12.3874413431,
    18.986184021836));
#934 = CARTESIAN_POINT('',(-13.90516227984,-24.77460103804,
    19.258911233424));
#935 = CARTESIAN_POINT('',(1.674149569095,-31.73094011531,
    19.531638680113));
#936 = CARTESIAN_POINT('',(20.706664593017,-27.80399359593,
    19.804365610558));
#937 = CARTESIAN_POINT('',(34.897826724482,-11.4663975367,
    20.077093389904));
#938 = CARTESIAN_POINT('',(34.897830550093,11.46639765829,
    20.349820080301));
#939 = CARTESIAN_POINT('',(20.706661425967,27.803993342236,
    20.622547876643));
#940 = CARTESIAN_POINT('',(1.674151594634,31.730940397839,
    20.895274785202));
#941 = CARTESIAN_POINT('',(-13.90516328148,24.774600869766,
    21.168002247054));
#942 = CARTESIAN_POINT('',(-21.68674732086,12.387441364792,
    21.440729452501));
#943 = CARTESIAN_POINT('',(-21.68674756409,-1.886292011477E-09,
    21.713456737256));
#944 = CARTESIAN_POINT('',(-21.58327417104,-4.547473508865E-13,
    18.761707129102));
#945 = CARTESIAN_POINT('',(-21.58327436496,-12.32833753401,
    19.034434392466));
#946 = CARTESIAN_POINT('',(-13.83881704011,-24.65639475997,
    19.307161708217));
#947 = CARTESIAN_POINT('',(1.666161821777,-31.5795432863,19.579888862849
    ));
#948 = CARTESIAN_POINT('',(20.607867391082,-27.67133325823,
    19.852616369812));
#949 = CARTESIAN_POINT('',(34.731320040737,-11.41168829786,
    20.125343287335));
#950 = CARTESIAN_POINT('',(34.731323371409,11.411688419216,
    20.398070980795));
#951 = CARTESIAN_POINT('',(20.607864608028,27.671333005045,
    20.670797862695));
#952 = CARTESIAN_POINT('',(1.666163623217,31.579543568409,
    20.943525417155));
#953 = CARTESIAN_POINT('',(-13.83881794964,24.656394591899,
    21.216252536804));
#954 = CARTESIAN_POINT('',(-21.58327404054,12.328337555649,
    21.488979868096));
#955 = CARTESIAN_POINT('',(-21.5832742672,-1.886292011477E-09,
    21.761707127996));
#956 = ADVANCED_FACE('',(#957,#968),#971,.T.);
#957 = FACE_BOUND('',#958,.T.);
#958 = EDGE_LOOP('',(#959));
#959 = ORIENTED_EDGE('',*,*,#960,.T.);
#960 = EDGE_CURVE('',#961,#961,#963,.T.);
#961 = VERTEX_POINT('',#962);
#962 = CARTESIAN_POINT('',(-25.,3.330669073875E-15,15.));
#963 = CIRCLE('',#964,25.);
#964 = AXIS2_PLACEMENT_3D('',#965,#966,#967);
#965 = CARTESIAN_POINT('',(0.,3.330669073875E-15,15.));
#966 = DIRECTION('',(0.,2.22044604925E-16,1.));
#967 = DIRECTION('',(-1.,0.,0.));
#968 = FACE_BOUND('',#969,.T.);
#969 = EDGE_LOOP('',(#970));
#970 = ORIENTED_EDGE('',*,*,#558,.F.);
#971 = PLANE('',#972);
#972 = AXIS2_PLACEMENT_3D('',#973,#974,#975);
#973 = CARTESIAN_POINT('',(0.,3.330669073875E-15,15.));
#974 = DIRECTION('',(0.,2.22044604925E-16,1.));
#975 = DIRECTION('',(-1.,0.,0.));
#976 = ADVANCED_FACE('',(#977),#991,.T.);
#977 = FACE_BOUND('',#978,.T.);
#978 = EDGE_LOOP('',(#979,#989,#990));
#979 = ORIENTED_EDGE('',*,*,#980,.F.);
#980 = EDGE_CURVE('',#756,#595,#981,.T.);
#981 = ( BOUNDED_CURVE() B_SPLINE_CURVE(6,(#982,#983,#984,#985,#986,#987
,#988),.UNSPECIFIED.,.F.,.F.) B_SPLINE_CURVE_WITH_KNOTS((7,7),(0.,
1.304545336578),.PIECEWISE_BEZIER_KNOTS.) CURVE() 
GEOMETRIC_REPRESENTATION_ITEM() RATIONAL_B_SPLINE_CURVE((1.066784588776,
    1.066784588776,1.066784588776,1.066784588776,1.066784588776,
1.066784588776,1.066784588776)) REPRESENTATION_ITEM('') );
#982 = CARTESIAN_POINT('',(-21.58327417107,0.,18.761707129073));
#983 = CARTESIAN_POINT('',(-21.20515803582,3.020770047107,
    18.695040119579));
#984 = CARTESIAN_POINT('',(-20.31970634043,5.914835430565,
    18.628373130166));
#985 = CARTESIAN_POINT('',(-18.96668444905,8.57570658029,18.561706124834
    ));
#986 = CARTESIAN_POINT('',(-17.21591239381,10.911585714886,
    18.495039119909));
#987 = CARTESIAN_POINT('',(-15.15845609444,12.858502571966,
    18.428372127499));
#988 = CARTESIAN_POINT('',(-12.89194374517,14.382374871144,
    18.36170511556));
#989 = ORIENTED_EDGE('',*,*,#772,.T.);
#990 = ORIENTED_EDGE('',*,*,#661,.T.);
#991 = B_SPLINE_SURFACE_WITH_KNOTS('',1,6,(
    (#992,#993,#994,#995,#996,#997,#998)
    ,(#999,#1000,#1001,#1002,#1003,#1004,#1005
  )),.UNSPECIFIED.,.F.,.F.,.F.,(2,2),(7,7),(-1.746949759956,-0.),(0.,
    1.304545336578),.PIECEWISE_BEZIER_KNOTS.);
#992 = CARTESIAN_POINT('',(-21.58327417101,0.,18.761707129044));
#993 = CARTESIAN_POINT('',(-21.20515803566,3.020770046974,
    18.695040119719));
#994 = CARTESIAN_POINT('',(-20.31970634072,5.914835430801,
    18.628373129677));
#995 = CARTESIAN_POINT('',(-18.9666844487,8.575706580159,18.561706125299
    ));
#996 = CARTESIAN_POINT('',(-17.21591239407,10.911585714821,
    18.495039119453));
#997 = CARTESIAN_POINT('',(-15.15845609429,12.858502571954,
    18.428372127725));
#998 = CARTESIAN_POINT('',(-12.89194374515,14.382374871114,
    18.361705115502));
#999 = CARTESIAN_POINT('',(-20.,-6.217248937901E-15,19.5));
#1000 = CARTESIAN_POINT('',(-19.62188386453,2.799702927739,
    19.433332990412));
#1001 = CARTESIAN_POINT('',(-18.773472378,5.472701192145,19.366666000123
    ));
#1002 = CARTESIAN_POINT('',(-17.49453171844,7.920260814396,
    19.299998995359));
#1003 = CARTESIAN_POINT('',(-15.85271125709,10.058353733649,
    19.233331989407));
#1004 = CARTESIAN_POINT('',(-13.93475533325,11.829821755827,
    19.16666499743));
#1005 = CARTESIAN_POINT('',(-11.83252806191,13.205771491487,
    19.099997984944));
#1006 = ADVANCED_FACE('',(#1007),#1022,.T.);
#1007 = FACE_BOUND('',#1008,.T.);
#1008 = EDGE_LOOP('',(#1009,#1019,#1020,#1021));
#1009 = ORIENTED_EDGE('',*,*,#1010,.F.);
#1010 = EDGE_CURVE('',#809,#576,#1011,.T.);
#1011 = B_SPLINE_CURVE_WITH_KNOTS('',6,(#1012,#1013,#1014,#1015,#1016,
    #1017,#1018),.UNSPECIFIED.,.F.,.F.,(7,7),(0.,1.304545336578),
  .PIECEWISE_BEZIER_KNOTS.);
#1012 = CARTESIAN_POINT('',(-21.58327417101,2.13162820728E-14,
    18.238292870868));
#1013 = CARTESIAN_POINT('',(-21.20515803575,3.0207700253,18.171625861543
    ));
#1014 = CARTESIAN_POINT('',(-20.31970634815,5.914835387471,
    18.104958871501));
#1015 = CARTESIAN_POINT('',(-18.96668447074,8.57570651747,
    18.038291867051));
#1016 = CARTESIAN_POINT('',(-17.21591243712,10.911585637367,
    17.971624861306));
#1017 = CARTESIAN_POINT('',(-15.15845616307,12.858502486131,
    17.904957869578));
#1018 = CARTESIAN_POINT('',(-12.89194384225,14.382374784377,
    17.838290857355));
#1019 = ORIENTED_EDGE('',*,*,#860,.T.);
#1020 = ORIENTED_EDGE('',*,*,#980,.T.);
#1021 = ORIENTED_EDGE('',*,*,#594,.T.);
#1022 = ( BOUNDED_SURFACE() B_SPLINE_SURFACE(6,6,(
    (#1023,#1024,#1025,#1026,#1027,#1028,#1029)
    ,(#1030,#1031,#1032,#1033,#1034,#1035,#1036)
    ,(#1037,#1038,#1039,#1040,#1041,#1042,#1043)
    ,(#1044,#1045,#1046,#1047,#1048,#1049,#1050)
    ,(#1051,#1052,#1053,#1054,#1055,#1056,#1057)
    ,(#1058,#1059,#1060,#1061,#1062,#1063,#1064)
    ,(#1065,#1066,#1067,#1068,#1069,#1070,#1071
)),.UNSPECIFIED.,.F.,.F.,.F.) B_SPLINE_SURFACE_WITH_KNOTS((7,7),(7,7),(
    2.007128639793,4.276056667386),(0.,1.304545336578),
.PIECEWISE_BEZIER_KNOTS.) GEOMETRIC_REPRESENTATION_ITEM() 
RATIONAL_B_SPLINE_SURFACE((
    (1.066784588776,1.066784588776,1.066784588776,1.066784588776
      ,1.066784588776,1.066784588776,1.066784588776)
    ,(1.020271475493,1.020271475493,1.020271475493,1.020271475493
      ,1.020271475493,1.020271475493,1.020271475493)
    ,(0.995708563644,0.995708563644,0.995708563644,0.995708563644
      ,0.995708563644,0.995708563644,0.995708563644)
    ,(0.987595810361,0.987595810361,0.987595810361,0.987595810361
      ,0.987595810361,0.987595810361,0.987595810361)
    ,(0.995708563644,0.995708563644,0.995708563644,0.995708563644
      ,0.995708563644,0.995708563644,0.995708563644)
    ,(1.020271475493,1.020271475493,1.020271475493,1.020271475493
      ,1.020271475493,1.020271475493,1.020271475493)
    ,(1.066784588776,1.066784588776,1.066784588776,1.066784588776
      ,1.066784588776,1.066784588776,1.066784588776
))) REPRESENTATION_ITEM('') SURFACE() );
#1023 = CARTESIAN_POINT('',(-21.58327417104,0.,18.238292870898));
#1024 = CARTESIAN_POINT('',(-21.20515803594,3.020770025381,
    18.171625861258));
#1025 = CARTESIAN_POINT('',(-20.31970634785,5.91483538739,
    18.104958872282));
#1026 = CARTESIAN_POINT('',(-18.96668447117,8.575706517513,
    18.038291866193));
#1027 = CARTESIAN_POINT('',(-17.215912437,10.911585637368,17.97162486185
    ));
#1028 = CARTESIAN_POINT('',(-15.15845616321,12.858502486211,
    17.904957869323));
#1029 = CARTESIAN_POINT('',(-12.89194384226,14.3823747844,
    17.838290857413));
#1030 = CARTESIAN_POINT('',(-21.68674746793,0.,18.286543261638));
#1031 = CARTESIAN_POINT('',(-21.30863133317,3.035217649376,
    18.219876251824));
#1032 = CARTESIAN_POINT('',(-20.42075891664,5.943730635438,
    18.153209263866));
#1033 = CARTESIAN_POINT('',(-19.06289553499,8.618542530574,
    18.08654225542));
#1034 = CARTESIAN_POINT('',(-17.30500307204,10.967347772501,
    18.019875253871));
#1035 = CARTESIAN_POINT('',(-15.23842988797,12.925730906019,
    17.953208259802));
#1036 = CARTESIAN_POINT('',(-12.96118087469,14.459270535226,
    17.886541248212));
#1037 = CARTESIAN_POINT('',(-21.7618151677,1.455191522837E-11,
    18.38012035063));
#1038 = CARTESIAN_POINT('',(-21.38369903218,3.045699098904,
    18.313453341456));
#1039 = CARTESIAN_POINT('',(-20.49407043107,5.964693535338,
    18.246786350996));
#1040 = CARTESIAN_POINT('',(-19.13269463117,8.649619162723,
    18.180119347351));
#1041 = CARTESIAN_POINT('',(-17.36963645188,11.007802037813,
    18.113452340476));
#1042 = CARTESIAN_POINT('',(-15.29644913357,12.974503719364,
    18.046785349783));
#1043 = CARTESIAN_POINT('',(-13.01141087414,14.515056794247,
    17.980118337233));
#1044 = CARTESIAN_POINT('',(-21.78934829525,0.,18.499999999971));
#1045 = CARTESIAN_POINT('',(-21.4112321604,3.049543460336,
    18.433332990331));
#1046 = CARTESIAN_POINT('',(-20.52095942589,5.972382257445,
    18.366666001675));
#1047 = CARTESIAN_POINT('',(-19.15829535471,8.661017376973,
    18.299998994567));
#1048 = CARTESIAN_POINT('',(-17.39334249758,11.022639755509,
    18.233331991767));
#1049 = CARTESIAN_POINT('',(-15.31772926537,12.992392494096,
    18.166664998338));
#1050 = CARTESIAN_POINT('',(-13.02983408139,14.535517941375,
    18.099997986632));
#1051 = CARTESIAN_POINT('',(-21.76181516773,-1.455191522837E-11,
    18.619879649428));
#1052 = CARTESIAN_POINT('',(-21.38369903218,3.045699109032,
    18.553212639759));
#1053 = CARTESIAN_POINT('',(-20.49407042769,5.964693554663,
    18.486545650958));
#1054 = CARTESIAN_POINT('',(-19.13269462136,8.64961919222,
    18.419878644781));
#1055 = CARTESIAN_POINT('',(-17.36963643165,11.007802072738,
    18.353211640642));
#1056 = CARTESIAN_POINT('',(-15.29644910243,12.974503758931,
    18.286544647912));
#1057 = CARTESIAN_POINT('',(-13.01141082969,14.51505683396,
    18.219877636002));
#1058 = CARTESIAN_POINT('',(-21.6867474679,1.455191522837E-11,
    18.713456738333));
#1059 = CARTESIAN_POINT('',(-21.30863133235,3.035217666984,
    18.646789728693));
#1060 = CARTESIAN_POINT('',(-20.42075891236,5.943730671206,
    18.580122740037));
#1061 = CARTESIAN_POINT('',(-19.06289551488,8.61854258104,
    18.513455733075));
#1062 = CARTESIAN_POINT('',(-17.3050030386,10.967347836238,
    18.446788729809));
#1063 = CARTESIAN_POINT('',(-15.23842983119,12.92573097581,
    18.380121736671));
#1064 = CARTESIAN_POINT('',(-12.96118079547,14.459270605978,
    18.313454724906));
#1065 = CARTESIAN_POINT('',(-21.58327417107,0.,18.761707129073));
#1066 = CARTESIAN_POINT('',(-21.20515803582,3.020770047107,
    18.695040119579));
#1067 = CARTESIAN_POINT('',(-20.31970634043,5.914835430565,
    18.628373130166));
#1068 = CARTESIAN_POINT('',(-18.96668444905,8.57570658029,
    18.561706124834));
#1069 = CARTESIAN_POINT('',(-17.21591239381,10.911585714886,
    18.495039119909));
#1070 = CARTESIAN_POINT('',(-15.15845609444,12.858502571966,
    18.428372127499));
#1071 = CARTESIAN_POINT('',(-12.89194374517,14.382374871144,
    18.36170511556));
#1072 = ADVANCED_FACE('',(#1073),#1078,.T.);
#1073 = FACE_BOUND('',#1074,.T.);
#1074 = EDGE_LOOP('',(#1075,#1076,#1077));
#1075 = ORIENTED_EDGE('',*,*,#575,.F.);
#1076 = ORIENTED_EDGE('',*,*,#808,.T.);
#1077 = ORIENTED_EDGE('',*,*,#1010,.T.);
#1078 = B_SPLINE_SURFACE_WITH_KNOTS('',1,6,(
    (#1079,#1080,#1081,#1082,#1083,#1084,#1085)
    ,(#1086,#1087,#1088,#1089,#1090,#1091,#1092
  )),.UNSPECIFIED.,.F.,.F.,.F.,(2,2),(7,7),(-1.746949759956,-0.),(0.,
    1.304545336578),.PIECEWISE_BEZIER_KNOTS.);
#1079 = CARTESIAN_POINT('',(-20.,-3.552713678801E-14,17.499999999942));
#1080 = CARTESIAN_POINT('',(-19.62188386487,2.799702844918,
    17.433332990354));
#1081 = CARTESIAN_POINT('',(-18.7734724064,5.472701026576,
    17.366666000064));
#1082 = CARTESIAN_POINT('',(-17.49453180267,7.920260574859,
    17.299998995375));
#1083 = CARTESIAN_POINT('',(-15.85271142161,10.058353437691,
    17.233331989319));
#1084 = CARTESIAN_POINT('',(-13.93475559606,11.82982142789,
    17.166664997343));
#1085 = CARTESIAN_POINT('',(-11.8325284329,13.205771160059,
    17.099997984857));
#1086 = CARTESIAN_POINT('',(-21.58327417101,2.13162820728E-14,
    18.238292870868));
#1087 = CARTESIAN_POINT('',(-21.20515803575,3.0207700253,18.171625861543
    ));
#1088 = CARTESIAN_POINT('',(-20.31970634815,5.914835387471,
    18.104958871501));
#1089 = CARTESIAN_POINT('',(-18.96668447074,8.57570651747,
    18.038291867051));
#1090 = CARTESIAN_POINT('',(-17.21591243712,10.911585637367,
    17.971624861306));
#1091 = CARTESIAN_POINT('',(-15.15845616307,12.858502486131,
    17.904957869578));
#1092 = CARTESIAN_POINT('',(-12.89194384225,14.382374784377,
    17.838290857355));
#1093 = ADVANCED_FACE('',(#1094),#1113,.F.);
#1094 = FACE_BOUND('',#1095,.T.);
#1095 = EDGE_LOOP('',(#1096,#1097,#1105,#1112));
#1096 = ORIENTED_EDGE('',*,*,#738,.T.);
#1097 = ORIENTED_EDGE('',*,*,#1098,.T.);
#1098 = EDGE_CURVE('',#739,#1099,#1101,.T.);
#1099 = VERTEX_POINT('',#1100);
#1100 = CARTESIAN_POINT('',(-17.,2.6645352591E-15,12.));
#1101 = LINE('',#1102,#1103);
#1102 = CARTESIAN_POINT('',(-17.,5.551115123126E-15,25.));
#1103 = VECTOR('',#1104,1.);
#1104 = DIRECTION('',(0.,-2.22044604925E-16,-1.));
#1105 = ORIENTED_EDGE('',*,*,#1106,.F.);
#1106 = EDGE_CURVE('',#1099,#1099,#1107,.T.);
#1107 = CIRCLE('',#1108,17.);
#1108 = AXIS2_PLACEMENT_3D('',#1109,#1110,#1111);
#1109 = CARTESIAN_POINT('',(0.,2.6645352591E-15,12.));
#1110 = DIRECTION('',(0.,2.22044604925E-16,1.));
#1111 = DIRECTION('',(-1.,0.,0.));
#1112 = ORIENTED_EDGE('',*,*,#1098,.F.);
#1113 = CYLINDRICAL_SURFACE('',#1114,17.);
#1114 = AXIS2_PLACEMENT_3D('',#1115,#1116,#1117);
#1115 = CARTESIAN_POINT('',(0.,5.551115123126E-15,25.));
#1116 = DIRECTION('',(-0.,-2.22044604925E-16,-1.));
#1117 = DIRECTION('',(-1.,0.,0.));
#1118 = ADVANCED_FACE('',(#1119),#1138,.T.);
#1119 = FACE_BOUND('',#1120,.T.);
#1120 = EDGE_LOOP('',(#1121,#1130,#1136,#1137));
#1121 = ORIENTED_EDGE('',*,*,#1122,.T.);
#1122 = EDGE_CURVE('',#1123,#1123,#1125,.T.);
#1123 = VERTEX_POINT('',#1124);
#1124 = CARTESIAN_POINT('',(-25.,0.,0.));
#1125 = CIRCLE('',#1126,25.);
#1126 = AXIS2_PLACEMENT_3D('',#1127,#1128,#1129);
#1127 = CARTESIAN_POINT('',(0.,0.,0.));
#1128 = DIRECTION('',(0.,2.22044604925E-16,1.));
#1129 = DIRECTION('',(-1.,0.,0.));
#1130 = ORIENTED_EDGE('',*,*,#1131,.T.);
#1131 = EDGE_CURVE('',#1123,#961,#1132,.T.);
#1132 = LINE('',#1133,#1134);
#1133 = CARTESIAN_POINT('',(-25.,0.,0.));
#1134 = VECTOR('',#1135,1.);
#1135 = DIRECTION('',(0.,2.22044604925E-16,1.));
#1136 = ORIENTED_EDGE('',*,*,#960,.F.);
#1137 = ORIENTED_EDGE('',*,*,#1131,.F.);
#1138 = CYLINDRICAL_SURFACE('',#1139,25.);
#1139 = AXIS2_PLACEMENT_3D('',#1140,#1141,#1142);
#1140 = CARTESIAN_POINT('',(0.,0.,0.));
#1141 = DIRECTION('',(0.,2.22044604925E-16,1.));
#1142 = DIRECTION('',(-1.,0.,0.));
#1143 = ADVANCED_FACE('',(#1144),#1163,.F.);
#1144 = FACE_BOUND('',#1145,.F.);
#1145 = EDGE_LOOP('',(#1146,#1155,#1161,#1162));
#1146 = ORIENTED_EDGE('',*,*,#1147,.T.);
#1147 = EDGE_CURVE('',#1148,#1148,#1150,.T.);
#1148 = VERTEX_POINT('',#1149);
#1149 = CARTESIAN_POINT('',(-22.,1.341422980923E-15,6.041232037029));
#1150 = CIRCLE('',#1151,22.);
#1151 = AXIS2_PLACEMENT_3D('',#1152,#1153,#1154);
#1152 = CARTESIAN_POINT('',(0.,1.341422980923E-15,6.041232037029));
#1153 = DIRECTION('',(0.,2.22044604925E-16,1.));
#1154 = DIRECTION('',(-1.,0.,0.));
#1155 = ORIENTED_EDGE('',*,*,#1156,.T.);
#1156 = EDGE_CURVE('',#1148,#1099,#1157,.T.);
#1157 = LINE('',#1158,#1159);
#1158 = CARTESIAN_POINT('',(-22.,1.341422980923E-15,6.041232037029));
#1159 = VECTOR('',#1160,1.);
#1160 = DIRECTION('',(0.642787609687,1.700960357274E-16,0.766044443119)
  );
#1161 = ORIENTED_EDGE('',*,*,#1106,.F.);
#1162 = ORIENTED_EDGE('',*,*,#1156,.F.);
#1163 = CONICAL_SURFACE('',#1164,22.,0.698131700798);
#1164 = AXIS2_PLACEMENT_3D('',#1165,#1166,#1167);
#1165 = CARTESIAN_POINT('',(0.,1.341422980923E-15,6.041232037029));
#1166 = DIRECTION('',(-0.,-2.22044604925E-16,-1.));
#1167 = DIRECTION('',(-1.,0.,0.));
#1168 = ADVANCED_FACE('',(#1169),#1172,.F.);
#1169 = FACE_BOUND('',#1170,.T.);
#1170 = EDGE_LOOP('',(#1171));
#1171 = ORIENTED_EDGE('',*,*,#1122,.F.);
#1172 = PLANE('',#1173);
#1173 = AXIS2_PLACEMENT_3D('',#1174,#1175,#1176);
#1174 = CARTESIAN_POINT('',(0.,0.,0.));
#1175 = DIRECTION('',(0.,2.22044604925E-16,1.));
#1176 = DIRECTION('',(-1.,-0.,-0.));
#1177 = ADVANCED_FACE('',(#1178),#1197,.F.);
#1178 = FACE_BOUND('',#1179,.T.);
#1179 = EDGE_LOOP('',(#1180,#1181,#1189,#1196));
#1180 = ORIENTED_EDGE('',*,*,#1147,.T.);
#1181 = ORIENTED_EDGE('',*,*,#1182,.T.);
#1182 = EDGE_CURVE('',#1148,#1183,#1185,.T.);
#1183 = VERTEX_POINT('',#1184);
#1184 = CARTESIAN_POINT('',(-22.,6.661338147751E-16,3.));
#1185 = LINE('',#1186,#1187);
#1186 = CARTESIAN_POINT('',(-22.,1.341422980923E-15,6.041232037029));
#1187 = VECTOR('',#1188,1.);
#1188 = DIRECTION('',(0.,-2.22044604925E-16,-1.));
#1189 = ORIENTED_EDGE('',*,*,#1190,.F.);
#1190 = EDGE_CURVE('',#1183,#1183,#1191,.T.);
#1191 = CIRCLE('',#1192,22.);
#1192 = AXIS2_PLACEMENT_3D('',#1193,#1194,#1195);
#1193 = CARTESIAN_POINT('',(0.,6.661338147751E-16,3.));
#1194 = DIRECTION('',(0.,2.22044604925E-16,1.));
#1195 = DIRECTION('',(-1.,0.,0.));
#1196 = ORIENTED_EDGE('',*,*,#1182,.F.);
#1197 = CYLINDRICAL_SURFACE('',#1198,22.);
#1198 = AXIS2_PLACEMENT_3D('',#1199,#1200,#1201);
#1199 = CARTESIAN_POINT('',(0.,1.341422980923E-15,6.041232037029));
#1200 = DIRECTION('',(-0.,-2.22044604925E-16,-1.));
#1201 = DIRECTION('',(-1.,0.,0.));
#1202 = ADVANCED_FACE('',(#1203),#1206,.T.);
#1203 = FACE_BOUND('',#1204,.T.);
#1204 = EDGE_LOOP('',(#1205));
#1205 = ORIENTED_EDGE('',*,*,#1190,.T.);
#1206 = PLANE('',#1207);
#1207 = AXIS2_PLACEMENT_3D('',#1208,#1209,#1210);
#1208 = CARTESIAN_POINT('',(0.,6.661338147751E-16,3.));
#1209 = DIRECTION('',(0.,2.22044604925E-16,1.));
#1210 = DIRECTION('',(-1.,0.,0.));
#1211 = ( GEOMETRIC_REPRESENTATION_CONTEXT(3) 
GLOBAL_UNCERTAINTY_ASSIGNED_CONTEXT((#1215)) 
GLOBAL_UNIT_ASSIGNED_CONTEXT((#1212,#1213,#1214)) REPRESENTATION_CONTEXT
('Context #1','3D Context with UNIT and UNCERTAINTY') );
#1212 = ( LENGTH_UNIT() NAMED_UNIT(*) SI_UNIT(.MILLI.,.METRE.) );
#1213 = ( NAMED_UNIT(*) PLANE_ANGLE_UNIT() SI_UNIT($,.RADIAN.) );
#1214 = ( NAMED_UNIT(*) SI_UNIT($,.STERADIAN.) SOLID_ANGLE_UNIT() );
#1215 = UNCERTAINTY_MEASURE_WITH_UNIT(LENGTH_MEASURE(2.E-05),#1212,
  'distance_accuracy_value','confusion accuracy');
#1216 = CONTEXT_DEPENDENT_SHAPE_REPRESENTATION(#1217,#1219);
#1217 = ( REPRESENTATION_RELATIONSHIP('','',#36,#10) 
REPRESENTATION_RELATIONSHIP_WITH_TRANSFORMATION(#1218) 
SHAPE_REPRESENTATION_RELATIONSHIP() );
#1218 = ITEM_DEFINED_TRANSFORMATION('','',#11,#15);
#1219 = PRODUCT_DEFINITION_SHAPE('Placement','Placement of an item',
  #1220);
#1220 = NEXT_ASSEMBLY_USAGE_OCCURRENCE('3','ContainerBody','',#5,#31,$);
#1221 = PRODUCT_RELATED_PRODUCT_CATEGORY('part',$,(#33));
#1222 = SHAPE_DEFINITION_REPRESENTATION(#1223,#1229);
#1223 = PRODUCT_DEFINITION_SHAPE('','',#1224);
#1224 = PRODUCT_DEFINITION('design','',#1225,#1228);
#1225 = PRODUCT_DEFINITION_FORMATION('','',#1226);
#1226 = PRODUCT('LidBody','LidBody','',(#1227));
#1227 = PRODUCT_CONTEXT('',#2,'mechanical');
#1228 = PRODUCT_DEFINITION_CONTEXT('part definition',#2,'design');
#1229 = ADVANCED_BREP_SHAPE_REPRESENTATION('',(#11,#1230),#2328);
#1230 = MANIFOLD_SOLID_BREP('',#1231);
#1231 = CLOSED_SHELL('',(#1232,#1288,#1441,#1509,#1561,#1586,#1703,#1712
    ,#1761,#1813,#1849,#1966,#2121,#2151,#2187,#2253,#2273,#2294,#2319)
  );
#1232 = ADVANCED_FACE('',(#1233),#1273,.T.);
#1233 = FACE_BOUND('',#1234,.T.);
#1234 = EDGE_LOOP('',(#1235,#1249,#1256));
#1235 = ORIENTED_EDGE('',*,*,#1236,.F.);
#1236 = EDGE_CURVE('',#1237,#1239,#1241,.T.);
#1237 = VERTEX_POINT('',#1238);
#1238 = CARTESIAN_POINT('',(-20.4167260011,5.54018697585E-09,
    23.261707126949));
#1239 = VERTEX_POINT('',#1240);
#1240 = CARTESIAN_POINT('',(-18.34640110667,-12.14123413961,
    23.540882803785));
#1241 = B_SPLINE_CURVE_WITH_KNOTS('',6,(#1242,#1243,#1244,#1245,#1246,
    #1247,#1248),.UNSPECIFIED.,.F.,.F.,(7,7),(0.,1.304545336578),
  .PIECEWISE_BEZIER_KNOTS.);
#1242 = CARTESIAN_POINT('',(-20.41672600106,5.53967005601E-09,
    23.261707126978));
#1243 = CARTESIAN_POINT('',(-20.79481146011,-2.850233628177,
    23.328374119093));
#1244 = CARTESIAN_POINT('',(-20.69541596374,-5.827165091338,
    23.395041111809));
#1245 = CARTESIAN_POINT('',(-20.07875025132,-8.830846063347,
    23.461708103087));
#1246 = CARTESIAN_POINT('',(-18.93284207265,-11.74625628202,
    23.528375094096));
#1247 = CARTESIAN_POINT('',(-17.28178857674,-14.45610373428,
    23.5950420863));
#1248 = CARTESIAN_POINT('',(-15.18152150559,-16.85649638216,
    23.661709077469));
#1249 = ORIENTED_EDGE('',*,*,#1250,.F.);
#1250 = EDGE_CURVE('',#1251,#1237,#1253,.T.);
#1251 = VERTEX_POINT('',#1252);
#1252 = CARTESIAN_POINT('',(-22.00000008603,2.767704978817E-09,
    23.999999997905));
#1253 = B_SPLINE_CURVE_WITH_KNOTS('',1,(#1254,#1255),.UNSPECIFIED.,.F.,
  .F.,(2,2),(-1.746949759956,-0.),.PIECEWISE_BEZIER_KNOTS.);
#1254 = CARTESIAN_POINT('',(-22.00000017207,5.535408181276E-09,
    23.999999997905));
#1255 = CARTESIAN_POINT('',(-20.41672600106,5.539674279904E-09,
    23.261707126978));
#1256 = ORIENTED_EDGE('',*,*,#1257,.T.);
#1257 = EDGE_CURVE('',#1251,#1239,#1258,.T.);
#1258 = B_SPLINE_CURVE_WITH_KNOTS('',4,(#1259,#1260,#1261,#1262,#1263,
    #1264,#1265,#1266,#1267,#1268,#1269,#1270,#1271,#1272),
  .UNSPECIFIED.,.F.,.F.,(5,3,3,3,5),(0.,0.249999387514,0.499998611113,
    0.749999362324,1.),.UNSPECIFIED.);
#1259 = CARTESIAN_POINT('',(-22.,5.535406799595E-09,23.999999917667));
#1260 = CARTESIAN_POINT('',(-22.0000000002,-0.803836648491,
    23.971305117526));
#1261 = CARTESIAN_POINT('',(-21.96083913283,-1.607674817247,
    23.942610298491));
#1262 = CARTESIAN_POINT('',(-21.88251761313,-2.408646133156,
    23.913915352434));
#1263 = CARTESIAN_POINT('',(-21.64838837889,-3.99917904489,
    23.85652546878));
#1264 = CARTESIAN_POINT('',(-21.49258027363,-4.78874364345,
    23.827830487534));
#1265 = CARTESIAN_POINT('',(-21.29844656551,-5.56976897473,
    23.799135592566));
#1266 = CARTESIAN_POINT('',(-20.83517915944,-7.1092524098,
    23.741745930288));
#1267 = CARTESIAN_POINT('',(-20.56604413137,-7.867713276098,
    23.713051124905));
#1268 = CARTESIAN_POINT('',(-20.26023522091,-8.612144296706,
    23.684356462655));
#1269 = CARTESIAN_POINT('',(-19.57770494249,-10.06775194328,
    23.62696718467));
#1270 = CARTESIAN_POINT('',(-19.20098231945,-10.77893133001,
    23.598272542263));
#1271 = CARTESIAN_POINT('',(-18.79002009913,-11.4708894382,
    23.569577749804));
#1272 = CARTESIAN_POINT('',(-18.34640110667,-12.14123413961,
    23.540882803785));
#1273 = B_SPLINE_SURFACE_WITH_KNOTS('',1,6,(
    (#1274,#1275,#1276,#1277,#1278,#1279,#1280)
    ,(#1281,#1282,#1283,#1284,#1285,#1286,#1287
  )),.UNSPECIFIED.,.F.,.F.,.F.,(2,2),(7,7),(-1.746949759956,-0.),(0.,
    1.304545336578),.PIECEWISE_BEZIER_KNOTS.);
#1274 = CARTESIAN_POINT('',(-20.41672600106,5.53967005601E-09,
    23.261707126978));
#1275 = CARTESIAN_POINT('',(-20.79481146011,-2.850233628177,
    23.328374119093));
#1276 = CARTESIAN_POINT('',(-20.69541596374,-5.827165091338,
    23.395041111809));
#1277 = CARTESIAN_POINT('',(-20.07875025132,-8.830846063347,
    23.461708103087));
#1278 = CARTESIAN_POINT('',(-18.93284207265,-11.74625628202,
    23.528375094096));
#1279 = CARTESIAN_POINT('',(-17.28178857674,-14.45610373428,
    23.5950420863));
#1280 = CARTESIAN_POINT('',(-15.18152150559,-16.85649638216,
    23.661709077469));
#1281 = CARTESIAN_POINT('',(-22.00000017207,5.535406799595E-09,
    23.999999997905));
#1282 = CARTESIAN_POINT('',(-22.37808563123,-3.07130079938,
    24.066666989774));
#1283 = CARTESIAN_POINT('',(-22.24164990904,-6.269299433631,
    24.133333982243));
#1284 = CARTESIAN_POINT('',(-21.55090292951,-9.486291978586,
    24.200000973275));
#1285 = CARTESIAN_POINT('',(-20.29604310797,-12.59948844736,
    24.266667964038));
#1286 = CARTESIAN_POINT('',(-18.50548917571,-15.48478475401,
    24.333334955996));
#1287 = CARTESIAN_POINT('',(-16.24093696063,-18.03309996722,
    24.40000194692));
#1288 = ADVANCED_FACE('',(#1289),#1391,.T.);
#1289 = FACE_BOUND('',#1290,.T.);
#1290 = EDGE_LOOP('',(#1291,#1305,#1315,#1316));
#1291 = ORIENTED_EDGE('',*,*,#1292,.F.);
#1292 = EDGE_CURVE('',#1293,#1295,#1297,.T.);
#1293 = VERTEX_POINT('',#1294);
#1294 = CARTESIAN_POINT('',(-20.41672600106,5.53969851311E-09,
    22.738292868758));
#1295 = VERTEX_POINT('',#1296);
#1296 = CARTESIAN_POINT('',(-18.3464011541,-12.14123406794,
    23.01746854561));
#1297 = B_SPLINE_CURVE_WITH_KNOTS('',6,(#1298,#1299,#1300,#1301,#1302,
    #1303,#1304),.UNSPECIFIED.,.F.,.F.,(7,7),(0.,1.304545336578),
  .PIECEWISE_BEZIER_KNOTS.);
#1298 = CARTESIAN_POINT('',(-20.41672600106,5.539666503296E-09,
    22.738292868744));
#1299 = CARTESIAN_POINT('',(-20.79481146003,-2.850233606996,
    22.804959860859));
#1300 = CARTESIAN_POINT('',(-20.69541597067,-5.827165048958,
    22.871626853575));
#1301 = CARTESIAN_POINT('',(-20.07875027238,-8.830846001978,
    22.938293844853));
#1302 = CARTESIAN_POINT('',(-18.93284211409,-11.74625620611,
    23.004960835862));
#1303 = CARTESIAN_POINT('',(-17.28178864319,-14.45610365005,
    23.071627828066));
#1304 = CARTESIAN_POINT('',(-15.1815215996,-16.85649629685,
    23.138294819235));
#1305 = ORIENTED_EDGE('',*,*,#1306,.F.);
#1306 = EDGE_CURVE('',#1237,#1293,#1307,.T.);
#1307 = ( BOUNDED_CURVE() B_SPLINE_CURVE(6,(#1308,#1309,#1310,#1311,
#1312,#1313,#1314),.UNSPECIFIED.,.F.,.F.) B_SPLINE_CURVE_WITH_KNOTS((7,7
),(5.148721293383,7.417649320976),.PIECEWISE_BEZIER_KNOTS.) CURVE() 
GEOMETRIC_REPRESENTATION_ITEM() RATIONAL_B_SPLINE_CURVE((1.066784588776,
    1.020271475493,0.995708563644,0.987595810361,0.995708563644,
1.020271475493,1.066784588776)) REPRESENTATION_ITEM('') );
#1308 = CARTESIAN_POINT('',(-20.4167260011,5.54018697585E-09,
    23.261707126949));
#1309 = CARTESIAN_POINT('',(-20.3132527041,5.540641723201E-09,
    23.213456736237));
#1310 = CARTESIAN_POINT('',(-20.23818500433,5.540641723201E-09,
    23.119879647275));
#1311 = CARTESIAN_POINT('',(-20.21065187684,5.54018697585E-09,
    22.999999997875));
#1312 = CARTESIAN_POINT('',(-20.2381850043,5.54018697585E-09,
    22.880120348476));
#1313 = CARTESIAN_POINT('',(-20.31325270413,5.539732228499E-09,
    22.786543259572));
#1314 = CARTESIAN_POINT('',(-20.41672600107,5.54018697585E-09,
    22.738292868773));
#1315 = ORIENTED_EDGE('',*,*,#1236,.T.);
#1316 = ORIENTED_EDGE('',*,*,#1317,.T.);
#1317 = EDGE_CURVE('',#1239,#1295,#1318,.T.);
#1318 = B_SPLINE_CURVE_WITH_KNOTS('',8,(#1319,#1320,#1321,#1322,#1323,
    #1324,#1325,#1326,#1327,#1328,#1329,#1330,#1331,#1332,#1333,#1334,
    #1335,#1336,#1337,#1338,#1339,#1340,#1341,#1342,#1343,#1344,#1345,
    #1346,#1347,#1348,#1349,#1350,#1351,#1352,#1353,#1354,#1355,#1356,
    #1357,#1358,#1359,#1360,#1361,#1362,#1363,#1364,#1365,#1366,#1367,
    #1368,#1369,#1370,#1371,#1372,#1373,#1374,#1375,#1376,#1377,#1378,
    #1379,#1380,#1381,#1382,#1383,#1384,#1385,#1386,#1387,#1388,#1389,
    #1390),.UNSPECIFIED.,.F.,.F.,(9,7,7,7,7,7,7,7,7,7,9),(0.,
    0.250581589931,0.394124995215,0.437415446891,0.458084277192,
    0.496847991489,0.535392393363,0.555370333343,0.597824111586,
    0.739822467812,1.),.UNSPECIFIED.);
#1319 = CARTESIAN_POINT('',(-18.34640110685,-12.14123413934,
    23.540882803749));
#1320 = CARTESIAN_POINT('',(-18.28749009389,-12.23025351422,
    23.537072217727));
#1321 = CARTESIAN_POINT('',(-18.22844289301,-12.31840608764,
    23.532366617232));
#1322 = CARTESIAN_POINT('',(-18.16930035099,-12.40565277894,
    23.526701864438));
#1323 = CARTESIAN_POINT('',(-18.11016145434,-12.49187006899,
    23.519990877269));
#1324 = CARTESIAN_POINT('',(-18.05118322895,-12.57685645165,
    23.512127939922));
#1325 = CARTESIAN_POINT('',(-17.99262136704,-12.66028570262,
    23.502961781267));
#1326 = CARTESIAN_POINT('',(-17.9348188604,-12.74172892294,
    23.492307947082));
#1327 = CARTESIAN_POINT('',(-17.84603217446,-12.86554370377,
    23.472667064549));
#1328 = CARTESIAN_POINT('',(-17.81421513389,-12.9096387021,
    23.464928861019));
#1329 = CARTESIAN_POINT('',(-17.78296829292,-12.95268338569,
    23.456532097835));
#1330 = CARTESIAN_POINT('',(-17.75243260115,-12.99450181694,
    23.447396298565));
#1331 = CARTESIAN_POINT('',(-17.72285974509,-13.03477186306,
    23.437430135407));
#1332 = CARTESIAN_POINT('',(-17.69461361421,-13.07302973956,
    23.42653466502));
#1333 = CARTESIAN_POINT('',(-17.66819164775,-13.10864612355,
    23.414597560694));
#1334 = CARTESIAN_POINT('',(-17.63710076717,-13.15039246522,
    23.397500529272));
#1335 = CARTESIAN_POINT('',(-17.63013245558,-13.15973631145,
    23.393432763244));
#1336 = CARTESIAN_POINT('',(-17.62342063252,-13.16872458482,
    23.389255805127));
#1337 = CARTESIAN_POINT('',(-17.61698940983,-13.177326541,
    23.384967385977));
#1338 = CARTESIAN_POINT('',(-17.6108655507,-13.1855080173,
    23.380566085962));
#1339 = CARTESIAN_POINT('',(-17.60507787801,-13.19323220079,
    23.376051548367));
#1340 = CARTESIAN_POINT('',(-17.59965668263,-13.20046039643,
    23.371424693599));
#1341 = CARTESIAN_POINT('',(-17.59223466021,-13.21034805075,
    23.364426388357));
#1342 = CARTESIAN_POINT('',(-17.58992685842,-13.21342113209,
    23.362139877146));
#1343 = CARTESIAN_POINT('',(-17.58771322938,-13.21636756097,
    23.359828707753));
#1344 = CARTESIAN_POINT('',(-17.58559722975,-13.21918291778,
    23.357493308126));
#1345 = CARTESIAN_POINT('',(-17.58358226982,-13.22186284157,
    23.355134225957));
#1346 = CARTESIAN_POINT('',(-17.58167171359,-13.22440303003,
    23.352752128689));
#1347 = CARTESIAN_POINT('',(-17.57986887873,-13.22679923952,
    23.35034780351));
#1348 = CARTESIAN_POINT('',(-17.57500404208,-13.2332634208,
    23.34337293744));
#1349 = CARTESIAN_POINT('',(-17.57222082658,-13.23695922579,
    23.338748082521));
#1350 = CARTESIAN_POINT('',(-17.56984915384,-13.24010683091,
    23.334054499454));
#1351 = CARTESIAN_POINT('',(-17.56790823716,-13.24268164793,
    23.329300250111));
#1352 = CARTESIAN_POINT('',(-17.56641383661,-13.24466352054,
    23.324494585848));
#1353 = CARTESIAN_POINT('',(-17.56537735622,-13.24603787547,
    23.319647981975));
#1354 = CARTESIAN_POINT('',(-17.56480494125,-13.24679687351,
    23.314772172216));
#1355 = CARTESIAN_POINT('',(-17.56458882249,-13.24708343481,
    23.305015871417));
#1356 = CARTESIAN_POINT('',(-17.56493985911,-13.24661797202,
    23.300134462639));
#1357 = CARTESIAN_POINT('',(-17.56575002941,-13.2455437746,
    23.295248726998));
#1358 = CARTESIAN_POINT('',(-17.56701362477,-13.24386819167,
    23.290370586809));
#1359 = CARTESIAN_POINT('',(-17.56871977377,-13.2416051812,
    23.285511088319));
#1360 = CARTESIAN_POINT('',(-17.57085333222,-13.23877417208,
    23.280680373482));
#1361 = CARTESIAN_POINT('',(-17.57339577325,-13.23539892617,
    23.275887651734));
#1362 = CARTESIAN_POINT('',(-17.57784488255,-13.22948886624,
    23.268681024831));
#1363 = CARTESIAN_POINT('',(-17.57946803567,-13.22733217056,
    23.266233122266));
#1364 = CARTESIAN_POINT('',(-17.58119263127,-13.22504003638,
    23.263798488189));
#1365 = CARTESIAN_POINT('',(-17.58301571757,-13.2226162449,
    23.261378045116));
#1366 = CARTESIAN_POINT('',(-17.5849342965,-13.22006463554,
    23.258972613954));
#1367 = CARTESIAN_POINT('',(-17.58694532367,-13.21738910592,
    23.256582914001));
#1368 = CARTESIAN_POINT('',(-17.58904570837,-13.21459361185,
    23.25420956295));
#1369 = CARTESIAN_POINT('',(-17.59587892133,-13.20549525215,
    23.246845466639));
#1370 = CARTESIAN_POINT('',(-17.60091479311,-13.19878486256,
    23.241914369596));
#1371 = CARTESIAN_POINT('',(-17.60631070254,-13.19158836625,
    23.237064291956));
#1372 = CARTESIAN_POINT('',(-17.61203810931,-13.18394224784,
    23.232298279287));
#1373 = CARTESIAN_POINT('',(-17.61806972666,-13.17588137496,
    23.227618074221));
#1374 = CARTESIAN_POINT('',(-17.62438008879,-13.16743826453,
    23.223024274151));
#1375 = CARTESIAN_POINT('',(-17.63094611838,-13.15864234878,
    23.218516488929));
#1376 = CARTESIAN_POINT('',(-17.66049743725,-13.11900449612,
    23.199299588875));
#1377 = CARTESIAN_POINT('',(-17.68582992251,-13.08489955709,
    23.185487745218));
#1378 = CARTESIAN_POINT('',(-17.71303895252,-13.04810041512,
    23.172558070973));
#1379 = CARTESIAN_POINT('',(-17.74162659459,-13.00923673157,
    23.16043698005));
#1380 = CARTESIAN_POINT('',(-17.7712266066,-12.96877463572,
    23.149054005566));
#1381 = CARTESIAN_POINT('',(-17.80158379903,-12.92704008705,
    23.138337841778));
#1382 = CARTESIAN_POINT('',(-17.83255248792,-12.88421472761,
    23.128219295068));
#1383 = CARTESIAN_POINT('',(-17.92183856612,-12.75999594624,
    23.101056600808));
#1384 = CARTESIAN_POINT('',(-17.98121616853,-12.6765154294,
    23.085333616042));
#1385 = CARTESIAN_POINT('',(-18.04150809485,-12.5907840475,
    23.071111906446));
#1386 = CARTESIAN_POINT('',(-18.10232164165,-12.5032901294,
    23.058216156309));
#1387 = CARTESIAN_POINT('',(-18.16336148073,-12.41440845096,
    23.046498405787));
#1388 = CARTESIAN_POINT('',(-18.22445090297,-12.32436381944,
    23.03585614204));
#1389 = CARTESIAN_POINT('',(-18.28547856517,-12.23329309997,
    23.026201687462));
#1390 = CARTESIAN_POINT('',(-18.34640115414,-12.14123406788,
    23.017468545637));
#1391 = ( BOUNDED_SURFACE() B_SPLINE_SURFACE(6,6,(
    (#1392,#1393,#1394,#1395,#1396,#1397,#1398)
    ,(#1399,#1400,#1401,#1402,#1403,#1404,#1405)
    ,(#1406,#1407,#1408,#1409,#1410,#1411,#1412)
    ,(#1413,#1414,#1415,#1416,#1417,#1418,#1419)
    ,(#1420,#1421,#1422,#1423,#1424,#1425,#1426)
    ,(#1427,#1428,#1429,#1430,#1431,#1432,#1433)
    ,(#1434,#1435,#1436,#1437,#1438,#1439,#1440
)),.UNSPECIFIED.,.F.,.F.,.F.) B_SPLINE_SURFACE_WITH_KNOTS((7,7),(7,7),(
    5.148721293383,7.417649320976),(0.,1.304545336578),
.PIECEWISE_BEZIER_KNOTS.) GEOMETRIC_REPRESENTATION_ITEM() 
RATIONAL_B_SPLINE_SURFACE((
    (1.066784588776,1.066784588776,1.066784588776,1.066784588776
      ,1.066784588776,1.066784588776,1.066784588776)
    ,(1.020271475493,1.020271475493,1.020271475493,1.020271475493
      ,1.020271475493,1.020271475493,1.020271475493)
    ,(0.995708563644,0.995708563644,0.995708563644,0.995708563644
      ,0.995708563644,0.995708563644,0.995708563644)
    ,(0.987595810361,0.987595810361,0.987595810361,0.987595810361
      ,0.987595810361,0.987595810361,0.987595810361)
    ,(0.995708563644,0.995708563644,0.995708563644,0.995708563644
      ,0.995708563644,0.995708563644,0.995708563644)
    ,(1.020271475493,1.020271475493,1.020271475493,1.020271475493
      ,1.020271475493,1.020271475493,1.020271475493)
    ,(1.066784588776,1.066784588776,1.066784588776,1.066784588776
      ,1.066784588776,1.066784588776,1.066784588776
))) REPRESENTATION_ITEM('') SURFACE() );
#1392 = CARTESIAN_POINT('',(-20.41672600107,5.539732228499E-09,
    22.738292868773));
#1393 = CARTESIAN_POINT('',(-20.79481146004,-2.850233607001,
    22.804959860888));
#1394 = CARTESIAN_POINT('',(-20.69541597069,-5.827165048948,
    22.871626853604));
#1395 = CARTESIAN_POINT('',(-20.07875027239,-8.830846001999,
    22.938293844882));
#1396 = CARTESIAN_POINT('',(-18.9328421141,-11.74625620611,
    23.004960835891));
#1397 = CARTESIAN_POINT('',(-17.2817886432,-14.45610365006,
    23.071627828095));
#1398 = CARTESIAN_POINT('',(-15.18152159961,-16.85649629686,
    23.138294819265));
#1399 = CARTESIAN_POINT('',(-20.31325270413,5.539732228499E-09,
    22.786543259572));
#1400 = CARTESIAN_POINT('',(-20.6913381631,-2.835785987452,
    22.853210251703));
#1401 = CARTESIAN_POINT('',(-20.5943633993,-5.798269809859,
    22.919877244435));
#1402 = CARTESIAN_POINT('',(-19.98253920538,-8.788010002306,
    22.986544235729));
#1403 = CARTESIAN_POINT('',(-18.84375146877,-11.69049408691,
    23.053211226755));
#1404 = CARTESIAN_POINT('',(-17.2018149045,-14.38887524833,
    23.119878218974));
#1405 = CARTESIAN_POINT('',(-15.11228454679,-16.77960056429,
    23.18654521016));
#1406 = CARTESIAN_POINT('',(-20.2381850043,5.540641723201E-09,
    22.880120348476));
#1407 = CARTESIAN_POINT('',(-20.61627046329,-2.825304545815,
    22.94678734062));
#1408 = CARTESIAN_POINT('',(-20.52105188416,-5.777306926613,
    23.013454333363));
#1409 = CARTESIAN_POINT('',(-19.91274009821,-8.756933392662,
    23.080121324669));
#1410 = CARTESIAN_POINT('',(-18.77911807545,-11.65003985119,
    23.146788315706));
#1411 = CARTESIAN_POINT('',(-17.1437956323,-14.34010246679,
    23.213455307937));
#1412 = CARTESIAN_POINT('',(-15.06205451121,-16.72381433776,
    23.280122299134));
#1413 = CARTESIAN_POINT('',(-20.21065187684,5.54018697585E-09,
    22.999999997875));
#1414 = CARTESIAN_POINT('',(-20.58873733585,-2.821460194526,
    23.066666990023));
#1415 = CARTESIAN_POINT('',(-20.49416288421,-5.769618224047,
    23.133333982771));
#1416 = CARTESIAN_POINT('',(-19.88713936745,-8.745535208048,
    23.200000974081));
#1417 = CARTESIAN_POINT('',(-18.75541200786,-11.63520216867,
    23.266667965122));
#1418 = CARTESIAN_POINT('',(-17.12251547005,-14.32221373196,
    23.333334957358));
#1419 = CARTESIAN_POINT('',(-15.04363125955,-16.70335323076,
    23.400001948559));
#1420 = CARTESIAN_POINT('',(-20.23818500433,5.54018697585E-09,
    23.119879647275));
#1421 = CARTESIAN_POINT('',(-20.61627046335,-2.825304555518,
    23.186546639418));
#1422 = CARTESIAN_POINT('',(-20.52105188101,-5.777306946038,
    23.253213632161));
#1423 = CARTESIAN_POINT('',(-19.91274008859,-8.756933420781,
    23.319880623467));
#1424 = CARTESIAN_POINT('',(-18.77911805649,-11.65003988597,
    23.386547614504));
#1425 = CARTESIAN_POINT('',(-17.14379560188,-14.3401025054,
    23.453214606735));
#1426 = CARTESIAN_POINT('',(-15.06205446817,-16.72381437686,
    23.519881597933));
#1427 = CARTESIAN_POINT('',(-20.3132527041,5.540641723201E-09,
    23.213456736237));
#1428 = CARTESIAN_POINT('',(-20.69133816314,-2.835786004718,
    23.280123728369));
#1429 = CARTESIAN_POINT('',(-20.59436339361,-5.798269844431,
    23.346790721101));
#1430 = CARTESIAN_POINT('',(-19.98253918818,-8.788010052323,
    23.413457712395));
#1431 = CARTESIAN_POINT('',(-18.84375143495,-11.69049414883,
    23.48012470342));
#1432 = CARTESIAN_POINT('',(-17.20181485028,-14.38887531701,
    23.54679169564));
#1433 = CARTESIAN_POINT('',(-15.11228447009,-16.77960063385,
    23.613458686825));
#1434 = CARTESIAN_POINT('',(-20.4167260011,5.54018697585E-09,
    23.261707126949));
#1435 = CARTESIAN_POINT('',(-20.79481146015,-2.850233628186,
    23.328374119064));
#1436 = CARTESIAN_POINT('',(-20.69541596378,-5.827165091338,
    23.39504111178));
#1437 = CARTESIAN_POINT('',(-20.07875025136,-8.830846063374,
    23.461708103058));
#1438 = CARTESIAN_POINT('',(-18.93284207269,-11.74625628204,
    23.528375094067));
#1439 = CARTESIAN_POINT('',(-17.28178857677,-14.45610373431,
    23.595042086271));
#1440 = CARTESIAN_POINT('',(-15.18152150562,-16.85649638219,
    23.66170907744));
#1441 = ADVANCED_FACE('',(#1442),#1504,.F.);
#1442 = FACE_BOUND('',#1443,.T.);
#1443 = EDGE_LOOP('',(#1444,#1453,#1459,#1476,#1484,#1501,#1502,#1503));
#1444 = ORIENTED_EDGE('',*,*,#1445,.T.);
#1445 = EDGE_CURVE('',#1446,#1446,#1448,.T.);
#1446 = VERTEX_POINT('',#1447);
#1447 = CARTESIAN_POINT('',(-22.,5.606626274357E-15,25.25));
#1448 = CIRCLE('',#1449,22.);
#1449 = AXIS2_PLACEMENT_3D('',#1450,#1451,#1452);
#1450 = CARTESIAN_POINT('',(0.,5.606626274357E-15,25.25));
#1451 = DIRECTION('',(0.,2.22044604925E-16,1.));
#1452 = DIRECTION('',(-1.,0.,0.));
#1453 = ORIENTED_EDGE('',*,*,#1454,.T.);
#1454 = EDGE_CURVE('',#1446,#1251,#1455,.T.);
#1455 = LINE('',#1456,#1457);
#1456 = CARTESIAN_POINT('',(-22.,5.606626274357E-15,25.25));
#1457 = VECTOR('',#1458,1.);
#1458 = DIRECTION('',(0.,-2.22044604925E-16,-1.));
#1459 = ORIENTED_EDGE('',*,*,#1460,.F.);
#1460 = EDGE_CURVE('',#1461,#1251,#1463,.T.);
#1461 = VERTEX_POINT('',#1462);
#1462 = CARTESIAN_POINT('',(-22.00000008596,3.055424434131E-09,
    20.999999998952));
#1463 = B_SPLINE_CURVE_WITH_KNOTS('',11,(#1464,#1465,#1466,#1467,#1468,
    #1469,#1470,#1471,#1472,#1473,#1474,#1475),.UNSPECIFIED.,.F.,.F.,(12
    ,12),(0.,6.303048278758),.PIECEWISE_BEZIER_KNOTS.);
#1464 = CARTESIAN_POINT('',(-22.00000008596,3.055458849839E-09,
    20.999999998952));
#1465 = CARTESIAN_POINT('',(-22.00000028586,-12.56637078178,
    21.272727269225));
#1466 = CARTESIAN_POINT('',(-14.10601444266,-25.13245607129,
    21.545454549113));
#1467 = CARTESIAN_POINT('',(1.698332089413,-32.18927495537,
    21.818181805344));
#1468 = CARTESIAN_POINT('',(21.00575924222,-28.20560691335,
    22.090909107288));
#1469 = CARTESIAN_POINT('',(35.401908139312,-11.63202233766,
    22.363636341752));
#1470 = CARTESIAN_POINT('',(35.401906677473,11.632022397635,
    22.636363649597));
#1471 = CARTESIAN_POINT('',(21.005759922161,28.20560671181,
    22.909090901589));
#1472 = CARTESIAN_POINT('',(1.698332135236,32.189275207544,
    23.181818180728));
#1473 = CARTESIAN_POINT('',(-14.10601471238,25.13245592316,
    23.454545453102));
#1474 = CARTESIAN_POINT('',(-22.00000008573,12.566370810081,
    23.727272726236));
#1475 = CARTESIAN_POINT('',(-22.00000017207,5.535408181276E-09,
    23.999999997905));
#1476 = ORIENTED_EDGE('',*,*,#1477,.F.);
#1477 = EDGE_CURVE('',#1478,#1461,#1480,.T.);
#1478 = VERTEX_POINT('',#1479);
#1479 = CARTESIAN_POINT('',(-22.00000017207,5.535401586735E-09,
    21.999999997875));
#1480 = LINE('',#1481,#1482);
#1481 = CARTESIAN_POINT('',(-22.,5.606626274357E-15,25.25));
#1482 = VECTOR('',#1483,1.);
#1483 = DIRECTION('',(0.,-2.22044604925E-16,-1.));
#1484 = ORIENTED_EDGE('',*,*,#1485,.T.);
#1485 = EDGE_CURVE('',#1478,#1295,#1486,.T.);
#1486 = B_SPLINE_CURVE_WITH_KNOTS('',4,(#1487,#1488,#1489,#1490,#1491,
    #1492,#1493,#1494,#1495,#1496,#1497,#1498,#1499,#1500),
  .UNSPECIFIED.,.F.,.F.,(5,3,3,3,5),(0.,0.249999386376,0.49999861206,
    0.749999361895,1.),.UNSPECIFIED.);
#1487 = CARTESIAN_POINT('',(-22.,5.535399694168E-09,22.000000078114));
#1488 = CARTESIAN_POINT('',(-22.0000000002,-0.803836637351,
    22.063591735748));
#1489 = CARTESIAN_POINT('',(-21.96083913373,-1.607674790541,
    22.127183430333));
#1490 = CARTESIAN_POINT('',(-21.8825176177,-2.408646085363,
    22.19077522017));
#1491 = CARTESIAN_POINT('',(-21.64838839232,-3.99917897051,
    22.317958734443));
#1492 = CARTESIAN_POINT('',(-21.49258029259,-4.788743553725,
    22.381550541674));
#1493 = CARTESIAN_POINT('',(-21.29844659188,-5.569768873954,
    22.4451422871));
#1494 = CARTESIAN_POINT('',(-20.83517919595,-7.109252301591,
    22.572325861276));
#1495 = CARTESIAN_POINT('',(-20.56604417464,-7.867713162412,
    22.635917770852));
#1496 = CARTESIAN_POINT('',(-20.26023526765,-8.612144187559,
    22.699509549387));
#1497 = CARTESIAN_POINT('',(-19.57770498659,-10.0677518587,
    22.826692987871));
#1498 = CARTESIAN_POINT('',(-19.20098236082,-10.77893125698,
    22.89028471779));
#1499 = CARTESIAN_POINT('',(-18.79002014143,-11.47088936858,
    22.95387657428));
#1500 = CARTESIAN_POINT('',(-18.3464011541,-12.14123406794,
    23.01746854561));
#1501 = ORIENTED_EDGE('',*,*,#1317,.F.);
#1502 = ORIENTED_EDGE('',*,*,#1257,.F.);
#1503 = ORIENTED_EDGE('',*,*,#1454,.F.);
#1504 = CYLINDRICAL_SURFACE('',#1505,22.);
#1505 = AXIS2_PLACEMENT_3D('',#1506,#1507,#1508);
#1506 = CARTESIAN_POINT('',(0.,5.606626274357E-15,25.25));
#1507 = DIRECTION('',(-0.,-2.22044604925E-16,-1.));
#1508 = DIRECTION('',(-1.,0.,0.));
#1509 = ADVANCED_FACE('',(#1510),#1536,.F.);
#1510 = FACE_BOUND('',#1511,.F.);
#1511 = EDGE_LOOP('',(#1512,#1513,#1520,#1535));
#1512 = ORIENTED_EDGE('',*,*,#1460,.F.);
#1513 = ORIENTED_EDGE('',*,*,#1514,.T.);
#1514 = EDGE_CURVE('',#1461,#1515,#1517,.T.);
#1515 = VERTEX_POINT('',#1516);
#1516 = CARTESIAN_POINT('',(-20.41672591495,3.057747908877E-09,
    20.261707128055));
#1517 = B_SPLINE_CURVE_WITH_KNOTS('',1,(#1518,#1519),.UNSPECIFIED.,.F.,
  .F.,(2,2),(-1.746949759956,-0.),.PIECEWISE_BEZIER_KNOTS.);
#1518 = CARTESIAN_POINT('',(-22.00000008596,3.05558436912E-09,
    20.999999998952));
#1519 = CARTESIAN_POINT('',(-20.41672591495,3.057919606033E-09,
    20.261707128055));
#1520 = ORIENTED_EDGE('',*,*,#1521,.T.);
#1521 = EDGE_CURVE('',#1515,#1237,#1522,.T.);
#1522 = B_SPLINE_CURVE_WITH_KNOTS('',11,(#1523,#1524,#1525,#1526,#1527,
    #1528,#1529,#1530,#1531,#1532,#1533,#1534),.UNSPECIFIED.,.F.,.F.,(12
    ,12),(0.,6.303048278758),.PIECEWISE_BEZIER_KNOTS.);
#1523 = CARTESIAN_POINT('',(-20.41672591495,3.057762746066E-09,
    20.261707128055));
#1524 = CARTESIAN_POINT('',(-20.41672611486,-11.66200669017,
    20.534434398325));
#1525 = CARTESIAN_POINT('',(-13.09084677137,-23.32374838239,
    20.807161678152));
#1526 = CARTESIAN_POINT('',(1.576108174897,-29.87270928831,
    21.079888934842));
#1527 = CARTESIAN_POINT('',(19.494037629228,-26.17573354602,
    21.352616235228));
#1528 = CARTESIAN_POINT('',(32.85413878973,-10.79490085183,
    21.625343472968));
#1529 = CARTESIAN_POINT('',(32.854137327889,10.794900911846,
    21.89807077612));
#1530 = CARTESIAN_POINT('',(19.49403830918,26.175733344356,
    22.170798032843));
#1531 = CARTESIAN_POINT('',(1.576108220735,29.872709540588,
    22.44352530864));
#1532 = CARTESIAN_POINT('',(-13.09084704108,23.323748234211,
    22.716252582587));
#1533 = CARTESIAN_POINT('',(-20.41672591472,11.662006718491,
    22.98897985531));
#1534 = CARTESIAN_POINT('',(-20.41672600106,5.539674279904E-09,
    23.261707126978));
#1535 = ORIENTED_EDGE('',*,*,#1250,.F.);
#1536 = B_SPLINE_SURFACE_WITH_KNOTS('',1,11,(
    (#1537,#1538,#1539,#1540,#1541,#1542,#1543,#1544,#1545,#1546,#1547
      ,#1548)
    ,(#1549,#1550,#1551,#1552,#1553,#1554,#1555,#1556,#1557,#1558,#1559
      ,#1560
    )),.UNSPECIFIED.,.F.,.F.,.F.,(2,2),(12,12),(-1.746949759956,-0.),(0.
    ,6.303048278758),.PIECEWISE_BEZIER_KNOTS.);
#1537 = CARTESIAN_POINT('',(-22.00000008596,3.055458849839E-09,
    20.999999998952));
#1538 = CARTESIAN_POINT('',(-22.00000028586,-12.56637078178,
    21.272727269225));
#1539 = CARTESIAN_POINT('',(-14.10601444266,-25.13245607129,
    21.545454549113));
#1540 = CARTESIAN_POINT('',(1.698332089413,-32.18927495537,
    21.818181805344));
#1541 = CARTESIAN_POINT('',(21.00575924222,-28.20560691335,
    22.090909107288));
#1542 = CARTESIAN_POINT('',(35.401908139312,-11.63202233766,
    22.363636341752));
#1543 = CARTESIAN_POINT('',(35.401906677473,11.632022397635,
    22.636363649597));
#1544 = CARTESIAN_POINT('',(21.005759922161,28.20560671181,
    22.909090901589));
#1545 = CARTESIAN_POINT('',(1.698332135236,32.189275207544,
    23.181818180728));
#1546 = CARTESIAN_POINT('',(-14.10601471238,25.13245592316,
    23.454545453102));
#1547 = CARTESIAN_POINT('',(-22.00000008573,12.566370810081,
    23.727272726236));
#1548 = CARTESIAN_POINT('',(-22.00000017207,5.535408181276E-09,
    23.999999997905));
#1549 = CARTESIAN_POINT('',(-20.41672591495,3.057762746066E-09,
    20.261707128055));
#1550 = CARTESIAN_POINT('',(-20.41672611486,-11.66200669017,
    20.534434398325));
#1551 = CARTESIAN_POINT('',(-13.09084677137,-23.32374838239,
    20.807161678152));
#1552 = CARTESIAN_POINT('',(1.576108174897,-29.87270928831,
    21.079888934842));
#1553 = CARTESIAN_POINT('',(19.494037629228,-26.17573354602,
    21.352616235228));
#1554 = CARTESIAN_POINT('',(32.85413878973,-10.79490085183,
    21.625343472968));
#1555 = CARTESIAN_POINT('',(32.854137327889,10.794900911846,
    21.89807077612));
#1556 = CARTESIAN_POINT('',(19.49403830918,26.175733344356,
    22.170798032843));
#1557 = CARTESIAN_POINT('',(1.576108220735,29.872709540588,
    22.44352530864));
#1558 = CARTESIAN_POINT('',(-13.09084704108,23.323748234211,
    22.716252582587));
#1559 = CARTESIAN_POINT('',(-20.41672591472,11.662006718491,
    22.98897985531));
#1560 = CARTESIAN_POINT('',(-20.41672600106,5.539674279904E-09,
    23.261707126978));
#1561 = ADVANCED_FACE('',(#1562),#1571,.T.);
#1562 = FACE_BOUND('',#1563,.T.);
#1563 = EDGE_LOOP('',(#1564,#1565,#1570));
#1564 = ORIENTED_EDGE('',*,*,#1485,.F.);
#1565 = ORIENTED_EDGE('',*,*,#1566,.F.);
#1566 = EDGE_CURVE('',#1293,#1478,#1567,.T.);
#1567 = B_SPLINE_CURVE_WITH_KNOTS('',1,(#1568,#1569),.UNSPECIFIED.,.F.,
  .F.,(2,2),(-1.746949759956,-0.),.PIECEWISE_BEZIER_KNOTS.);
#1568 = CARTESIAN_POINT('',(-20.41672600106,5.539664797721E-09,
    22.738292868744));
#1569 = CARTESIAN_POINT('',(-22.00000017207,5.535403479302E-09,
    21.999999997875));
#1570 = ORIENTED_EDGE('',*,*,#1292,.T.);
#1571 = B_SPLINE_SURFACE_WITH_KNOTS('',1,6,(
    (#1572,#1573,#1574,#1575,#1576,#1577,#1578)
    ,(#1579,#1580,#1581,#1582,#1583,#1584,#1585
  )),.UNSPECIFIED.,.F.,.F.,.F.,(2,2),(7,7),(-1.746949759956,-0.),(0.,
    1.304545336578),.PIECEWISE_BEZIER_KNOTS.);
#1572 = CARTESIAN_POINT('',(-22.00000017207,5.535399694168E-09,
    21.999999997875));
#1573 = CARTESIAN_POINT('',(-22.37808563092,-3.071300718448,
    22.066666989745));
#1574 = CARTESIAN_POINT('',(-22.24164993554,-6.269299271697,
    22.133333982213));
#1575 = CARTESIAN_POINT('',(-21.55090300995,-9.486291744095,
    22.200000973246));
#1576 = CARTESIAN_POINT('',(-20.29604326631,-12.59948815731,
    22.266667964009));
#1577 = CARTESIAN_POINT('',(-18.50548942962,-15.48478443215,
    22.333334955967));
#1578 = CARTESIAN_POINT('',(-16.24093731987,-18.03309964126,
    22.400001946891));
#1579 = CARTESIAN_POINT('',(-20.41672600106,5.539666503296E-09,
    22.738292868744));
#1580 = CARTESIAN_POINT('',(-20.79481146003,-2.850233606996,
    22.804959860859));
#1581 = CARTESIAN_POINT('',(-20.69541597067,-5.827165048958,
    22.871626853575));
#1582 = CARTESIAN_POINT('',(-20.07875027238,-8.830846001978,
    22.938293844853));
#1583 = CARTESIAN_POINT('',(-18.93284211409,-11.74625620611,
    23.004960835862));
#1584 = CARTESIAN_POINT('',(-17.28178864319,-14.45610365005,
    23.071627828066));
#1585 = CARTESIAN_POINT('',(-15.1815215996,-16.85649629685,
    23.138294819235));
#1586 = ADVANCED_FACE('',(#1587),#1618,.F.);
#1587 = FACE_BOUND('',#1588,.F.);
#1588 = EDGE_LOOP('',(#1589,#1590,#1602,#1617));
#1589 = ORIENTED_EDGE('',*,*,#1521,.F.);
#1590 = ORIENTED_EDGE('',*,*,#1591,.T.);
#1591 = EDGE_CURVE('',#1515,#1592,#1594,.T.);
#1592 = VERTEX_POINT('',#1593);
#1593 = CARTESIAN_POINT('',(-20.41672591495,3.057747908877E-09,
    19.738292869821));
#1594 = ( BOUNDED_CURVE() B_SPLINE_CURVE(6,(#1595,#1596,#1597,#1598,
#1599,#1600,#1601),.UNSPECIFIED.,.F.,.F.) B_SPLINE_CURVE_WITH_KNOTS((7,7
),(5.148721293383,7.417649320976),.PIECEWISE_BEZIER_KNOTS.) CURVE() 
GEOMETRIC_REPRESENTATION_ITEM() RATIONAL_B_SPLINE_CURVE((1.066784588776,
    1.020271475493,0.995708563644,0.987595810361,0.995708563644,
1.020271475493,1.066784588776)) REPRESENTATION_ITEM('') );
#1595 = CARTESIAN_POINT('',(-20.41672591492,3.058175934711E-09,
    20.261707128026));
#1596 = CARTESIAN_POINT('',(-20.31325261804,3.058175934711E-09,
    20.213456737285));
#1597 = CARTESIAN_POINT('',(-20.23818491821,3.057721187361E-09,
    20.119879648351));
#1598 = CARTESIAN_POINT('',(-20.21065179075,3.057721187361E-09,
    19.999999998923));
#1599 = CARTESIAN_POINT('',(-20.23818491824,3.058175934711E-09,
    19.880120349495));
#1600 = CARTESIAN_POINT('',(-20.31325261804,3.058630682062E-09,
    19.78654326062));
#1601 = CARTESIAN_POINT('',(-20.41672591492,3.058175934711E-09,
    19.738292869821));
#1602 = ORIENTED_EDGE('',*,*,#1603,.T.);
#1603 = EDGE_CURVE('',#1592,#1293,#1604,.T.);
#1604 = ( BOUNDED_CURVE() B_SPLINE_CURVE(11,(#1605,#1606,#1607,#1608,
    #1609,#1610,#1611,#1612,#1613,#1614,#1615,#1616),.UNSPECIFIED.,.F.,
.F.) B_SPLINE_CURVE_WITH_KNOTS((12,12),(0.,6.303048278758),
.PIECEWISE_BEZIER_KNOTS.) CURVE() GEOMETRIC_REPRESENTATION_ITEM() 
RATIONAL_B_SPLINE_CURVE((1.066784588776,1.066784588776,1.066784588776,
    1.066784588776,1.066784588776,1.066784588776,1.066784588776,
    1.066784588776,1.066784588776,1.066784588776,1.066784588776,
1.066784588776)) REPRESENTATION_ITEM('') );
#1605 = CARTESIAN_POINT('',(-20.41672591498,3.057721187361E-09,
    19.738292869879));
#1606 = CARTESIAN_POINT('',(-20.41672611993,-11.66200669017,
    20.011020140315));
#1607 = CARTESIAN_POINT('',(-13.09084674992,-23.32374838241,
    20.283747418755));
#1608 = CARTESIAN_POINT('',(1.576108122681,-29.87270928825,
    20.556474680663));
#1609 = CARTESIAN_POINT('',(19.494037716591,-26.17573354618,
    20.829201970133));
#1610 = CARTESIAN_POINT('',(32.854138683673,-10.79490085156,
    21.101929219527));
#1611 = CARTESIAN_POINT('',(32.854137422139,10.794900911533,
    21.374656521104));
#1612 = CARTESIAN_POINT('',(19.49403824794,26.175733344608,
    21.647383764328));
#1613 = CARTESIAN_POINT('',(1.576108249312,29.87270954044,
    21.920111061248));
#1614 = CARTESIAN_POINT('',(-13.09084705036,23.323748234277,
    22.192838318268));
#1615 = CARTESIAN_POINT('',(-20.41672591294,11.662006718473,
    22.465565598832));
#1616 = CARTESIAN_POINT('',(-20.41672600107,5.54018697585E-09,
    22.738292868773));
#1617 = ORIENTED_EDGE('',*,*,#1306,.F.);
#1618 = ( BOUNDED_SURFACE() B_SPLINE_SURFACE(6,11,(
    (#1619,#1620,#1621,#1622,#1623,#1624,#1625,#1626,#1627,#1628,#1629
      ,#1630)
    ,(#1631,#1632,#1633,#1634,#1635,#1636,#1637,#1638,#1639,#1640,#1641
      ,#1642)
    ,(#1643,#1644,#1645,#1646,#1647,#1648,#1649,#1650,#1651,#1652,#1653
      ,#1654)
    ,(#1655,#1656,#1657,#1658,#1659,#1660,#1661,#1662,#1663,#1664,#1665
      ,#1666)
    ,(#1667,#1668,#1669,#1670,#1671,#1672,#1673,#1674,#1675,#1676,#1677
      ,#1678)
    ,(#1679,#1680,#1681,#1682,#1683,#1684,#1685,#1686,#1687,#1688,#1689
      ,#1690)
    ,(#1691,#1692,#1693,#1694,#1695,#1696,#1697,#1698,#1699,#1700,#1701
,#1702
    )),.UNSPECIFIED.,.F.,.F.,.F.) B_SPLINE_SURFACE_WITH_KNOTS((7,7),(12,
    12),(5.148721293383,7.417649320976),(0.,6.303048278758),
.PIECEWISE_BEZIER_KNOTS.) GEOMETRIC_REPRESENTATION_ITEM() 
RATIONAL_B_SPLINE_SURFACE((
    (1.066784588776,1.066784588776,1.066784588776,1.066784588776
      ,1.066784588776,1.066784588776,1.066784588776,1.066784588776
      ,1.066784588776,1.066784588776,1.066784588776,1.066784588776)
    ,(1.020271475493,1.020271475493,1.020271475492,1.020271475493
      ,1.020271475492,1.020271475493,1.020271475492,1.020271475493
      ,1.020271475492,1.020271475493,1.020271475493,1.020271475493)
    ,(0.995708563644,0.995708563644,0.995708563644,0.995708563644
      ,0.995708563644,0.995708563644,0.995708563644,0.995708563644
      ,0.995708563644,0.995708563644,0.995708563644,0.995708563644)
    ,(0.987595810361,0.987595810361,0.987595810361,0.987595810361
      ,0.987595810362,0.987595810361,0.987595810362,0.987595810361
      ,0.987595810361,0.987595810361,0.987595810361,0.987595810361)
    ,(0.995708563644,0.995708563644,0.995708563644,0.995708563644
      ,0.995708563644,0.995708563644,0.995708563644,0.995708563644
      ,0.995708563644,0.995708563644,0.995708563644,0.995708563644)
    ,(1.020271475493,1.020271475493,1.020271475492,1.020271475493
      ,1.020271475492,1.020271475494,1.020271475491,1.020271475493
      ,1.020271475492,1.020271475493,1.020271475493,1.020271475493)
    ,(1.066784588776,1.066784588776,1.066784588776,1.066784588776
      ,1.066784588776,1.066784588776,1.066784588776,1.066784588776
      ,1.066784588776,1.066784588776,1.066784588776,1.066784588776
))) REPRESENTATION_ITEM('') SURFACE() );
#1619 = CARTESIAN_POINT('',(-20.41672591501,3.057721187361E-09,
    20.261707128055));
#1620 = CARTESIAN_POINT('',(-20.41672611743,-11.66200669016,
    20.534434401983));
#1621 = CARTESIAN_POINT('',(-13.0908467604,-23.32374838245,
    20.807161662728));
#1622 = CARTESIAN_POINT('',(1.576108147128,-29.87270928818,
    21.079888972512));
#1623 = CARTESIAN_POINT('',(19.494037677505,-26.17573354628,
    21.352616170858));
#1624 = CARTESIAN_POINT('',(32.854138730676,-10.79490085144,
    21.625343554304));
#1625 = CARTESIAN_POINT('',(32.854137378454,10.794900911392,
    21.898070698779));
#1626 = CARTESIAN_POINT('',(19.494038279081,26.175733344751,
    22.170798088307));
#1627 = CARTESIAN_POINT('',(1.576108232694,29.872709540332,
    22.443525279174));
#1628 = CARTESIAN_POINT('',(-13.09084704401,23.323748234327,
    22.716252593673));
#1629 = CARTESIAN_POINT('',(-20.41672591437,11.662006718459,
    22.988979852787));
#1630 = CARTESIAN_POINT('',(-20.4167260011,5.54018697585E-09,
    23.261707126949));
#1631 = CARTESIAN_POINT('',(-20.31325261804,3.058175934711E-09,
    20.213456737314));
#1632 = CARTESIAN_POINT('',(-20.31325281932,-11.60290288131,
    20.486184010486));
#1633 = CARTESIAN_POINT('',(-13.0245014989,-23.2055421034,20.75891127481
    ));
#1634 = CARTESIAN_POINT('',(1.568120333832,-29.72131246155,
    21.031638575456));
#1635 = CARTESIAN_POINT('',(19.395240619575,-26.04307320441,
    21.304365790304));
#1636 = CARTESIAN_POINT('',(32.687631813198,-10.74019161821,
    21.577093150641));
#1637 = CARTESIAN_POINT('',(32.687630486966,10.740191678181,
    21.849820321106));
#1638 = CARTESIAN_POINT('',(19.395241198537,26.043073002846,
    22.12254768674));
#1639 = CARTESIAN_POINT('',(1.568120434997,29.721312713725,
    22.39527489469));
#1640 = CARTESIAN_POINT('',(-13.02450179008,23.205541955274,
    22.668002200837));
#1641 = CARTESIAN_POINT('',(-20.31325261411,11.602902909609,
    22.940729462047));
#1642 = CARTESIAN_POINT('',(-20.3132527041,5.540641723201E-09,
    23.213456736237));
#1643 = CARTESIAN_POINT('',(-20.23818491821,3.058630682062E-09,
    20.119879648351));
#1644 = CARTESIAN_POINT('',(-20.23818512194,-11.5600243114,
    20.392606922891));
#1645 = CARTESIAN_POINT('',(-12.9763693962,-23.11978593557,
    20.665334180027));
#1646 = CARTESIAN_POINT('',(1.562325322564,-29.61147724796,
    20.938061502238));
#1647 = CARTESIAN_POINT('',(19.323565453553,-25.94683091969,
    21.210788669763));
#1648 = CARTESIAN_POINT('',(32.566834542406,-10.70050121798,
    21.483516110457));
#1649 = CARTESIAN_POINT('',(32.566833224264,10.700501278091,
    21.756243174517));
#1650 = CARTESIAN_POINT('',(19.323566023028,25.946830717824,
    22.028970649815));
#1651 = CARTESIAN_POINT('',(1.562325432111,29.611477500403,
    22.301697772171));
#1652 = CARTESIAN_POINT('',(-12.97636969192,23.119785787299,
    22.574425126193));
#1653 = CARTESIAN_POINT('',(-20.23818491556,11.560024339747,
    22.84715236997));
#1654 = CARTESIAN_POINT('',(-20.23818500433,5.540641723201E-09,
    23.119879647275));
#1655 = CARTESIAN_POINT('',(-20.21065179075,3.058175934711E-09,
    19.999999998952));
#1656 = CARTESIAN_POINT('',(-20.21065198813,-11.5442974256,
    20.272727266187));
#1657 = CARTESIAN_POINT('',(-12.95871566192,-23.08833252118,
    20.545454561332));
#1658 = CARTESIAN_POINT('',(1.56019990833,-29.57119218465,
    20.818181775219));
#1659 = CARTESIAN_POINT('',(19.297276526049,-25.91153143759,
    21.09090915884));
#1660 = CARTESIAN_POINT('',(32.522528972884,-10.6859436773,
    21.363636277005));
#1661 = CARTESIAN_POINT('',(32.522527413559,10.685943737236,
    21.636363711528));
#1662 = CARTESIAN_POINT('',(19.297277281672,25.911531236104,
    21.909090855595));
#1663 = CARTESIAN_POINT('',(1.560199910309,29.571192436732,
    22.181818207348));
#1664 = CARTESIAN_POINT('',(-12.95871591387,23.088332373114,
    22.454545441753));
#1665 = CARTESIAN_POINT('',(-20.21065179217,11.544297453881,
    22.727272729127));
#1666 = CARTESIAN_POINT('',(-20.21065187684,5.54018697585E-09,
    22.999999997875));
#1667 = CARTESIAN_POINT('',(-20.23818491821,3.058630682062E-09,
    19.880120349553));
#1668 = CARTESIAN_POINT('',(-20.23818512281,-11.56002431131,
    20.15284762028));
#1669 = CARTESIAN_POINT('',(-12.97636939131,-23.11978593597,
    20.425574897032));
#1670 = CARTESIAN_POINT('',(1.562325308478,-29.61147724696,
    20.698302166682));
#1671 = CARTESIAN_POINT('',(19.323565480969,-25.94683092145,
    20.971029428678));
#1672 = CARTESIAN_POINT('',(32.566834503872,-10.70050121565,
    21.243756747514));
#1673 = CARTESIAN_POINT('',(32.566833264544,10.700501275721,
    21.516483926127));
#1674 = CARTESIAN_POINT('',(19.32356599081,25.946830719655,
    21.789211323572));
#1675 = CARTESIAN_POINT('',(1.562325452018,29.611477499346,
    22.061938483064));
#1676 = CARTESIAN_POINT('',(-12.97636970065,23.119785787732,
    22.334665825358));
#1677 = CARTESIAN_POINT('',(-20.23818491344,11.560024339645,
    22.607393071434));
#1678 = CARTESIAN_POINT('',(-20.2381850043,5.54018697585E-09,
    22.880120348476));
#1679 = CARTESIAN_POINT('',(-20.31325261807,3.05726644001E-09,
    19.786543260649));
#1680 = CARTESIAN_POINT('',(-20.31325282951,-11.60290288132,
    20.059270546451));
#1681 = CARTESIAN_POINT('',(-13.02450145664,-23.20554210335,
    20.331997746078));
#1682 = CARTESIAN_POINT('',(1.56812023028,-29.72131246168,
    20.604725224548));
#1683 = CARTESIAN_POINT('',(19.395240798447,-26.04307320417,
    20.877452098561));
#1684 = CARTESIAN_POINT('',(32.687631580455,-10.74019161854,
    21.150179951452));
#1685 = CARTESIAN_POINT('',(32.687630720175,10.740191678486,
    21.422906568012));
#1686 = CARTESIAN_POINT('',(19.395241017919,26.04307300266,
    21.695634422213));
#1687 = CARTESIAN_POINT('',(1.568120540702,29.721312713791,
    21.968361296167));
#1688 = CARTESIAN_POINT('',(-13.024501834,23.205541955266,22.24108877324
    ));
#1689 = CARTESIAN_POINT('',(-20.31325260346,11.602902909607,
    22.513815974002));
#1690 = CARTESIAN_POINT('',(-20.31325270413,5.539732228499E-09,
    22.786543259572));
#1691 = CARTESIAN_POINT('',(-20.41672591498,3.057721187361E-09,
    19.738292869879));
#1692 = CARTESIAN_POINT('',(-20.41672611993,-11.66200669017,
    20.011020140315));
#1693 = CARTESIAN_POINT('',(-13.09084674992,-23.32374838241,
    20.283747418755));
#1694 = CARTESIAN_POINT('',(1.576108122681,-29.87270928825,
    20.556474680663));
#1695 = CARTESIAN_POINT('',(19.494037716591,-26.17573354618,
    20.829201970133));
#1696 = CARTESIAN_POINT('',(32.854138683673,-10.79490085156,
    21.101929219527));
#1697 = CARTESIAN_POINT('',(32.854137422139,10.794900911533,
    21.374656521104));
#1698 = CARTESIAN_POINT('',(19.49403824794,26.175733344608,
    21.647383764328));
#1699 = CARTESIAN_POINT('',(1.576108249312,29.87270954044,
    21.920111061248));
#1700 = CARTESIAN_POINT('',(-13.09084705036,23.323748234277,
    22.192838318268));
#1701 = CARTESIAN_POINT('',(-20.41672591294,11.662006718473,
    22.465565598832));
#1702 = CARTESIAN_POINT('',(-20.41672600107,5.54018697585E-09,
    22.738292868773));
#1703 = ADVANCED_FACE('',(#1704),#1707,.F.);
#1704 = FACE_BOUND('',#1705,.T.);
#1705 = EDGE_LOOP('',(#1706));
#1706 = ORIENTED_EDGE('',*,*,#1445,.F.);
#1707 = PLANE('',#1708);
#1708 = AXIS2_PLACEMENT_3D('',#1709,#1710,#1711);
#1709 = CARTESIAN_POINT('',(0.,5.606626274357E-15,25.25));
#1710 = DIRECTION('',(0.,2.22044604925E-16,1.));
#1711 = DIRECTION('',(-1.,-0.,-0.));
#1712 = ADVANCED_FACE('',(#1713),#1756,.F.);
#1713 = FACE_BOUND('',#1714,.T.);
#1714 = EDGE_LOOP('',(#1715,#1732,#1733,#1750));
#1715 = ORIENTED_EDGE('',*,*,#1716,.T.);
#1716 = EDGE_CURVE('',#1717,#1478,#1719,.T.);
#1717 = VERTEX_POINT('',#1718);
#1718 = CARTESIAN_POINT('',(-22.00000008596,3.055424434131E-09,
    18.999999998923));
#1719 = B_SPLINE_CURVE_WITH_KNOTS('',11,(#1720,#1721,#1722,#1723,#1724,
    #1725,#1726,#1727,#1728,#1729,#1730,#1731),.UNSPECIFIED.,.F.,.F.,(12
    ,12),(0.,6.303048278758),.PIECEWISE_BEZIER_KNOTS.);
#1720 = CARTESIAN_POINT('',(-22.00000008596,3.055468358719E-09,
    18.999999998923));
#1721 = CARTESIAN_POINT('',(-22.00000028587,-12.56637078179,
    19.272727269196));
#1722 = CARTESIAN_POINT('',(-14.10601444265,-25.13245607129,
    19.54545454918));
#1723 = CARTESIAN_POINT('',(1.69833208941,-32.18927495538,
    19.818181805113));
#1724 = CARTESIAN_POINT('',(21.005759242222,-28.20560691336,
    20.090909107459));
#1725 = CARTESIAN_POINT('',(35.401908139319,-11.63202233764,
    20.363636341648));
#1726 = CARTESIAN_POINT('',(35.401906677465,11.632022397612,
    20.636363649473));
#1727 = CARTESIAN_POINT('',(21.005759922172,28.205606711826,
    20.909090901775));
#1728 = CARTESIAN_POINT('',(1.698332135232,32.189275207542,
    21.181818180488));
#1729 = CARTESIAN_POINT('',(-14.10601471238,25.132455923161,
    21.454545453173));
#1730 = CARTESIAN_POINT('',(-22.00000008573,12.566370810082,
    21.727272726206));
#1731 = CARTESIAN_POINT('',(-22.00000017207,5.535403479302E-09,
    21.999999997875));
#1732 = ORIENTED_EDGE('',*,*,#1477,.T.);
#1733 = ORIENTED_EDGE('',*,*,#1734,.F.);
#1734 = EDGE_CURVE('',#1735,#1461,#1737,.T.);
#1735 = VERTEX_POINT('',#1736);
#1736 = CARTESIAN_POINT('',(-22.,1.307190013345E-14,18.));
#1737 = B_SPLINE_CURVE_WITH_KNOTS('',11,(#1738,#1739,#1740,#1741,#1742,
    #1743,#1744,#1745,#1746,#1747,#1748,#1749),.UNSPECIFIED.,.F.,.F.,(12
    ,12),(0.,6.303048278758),.PIECEWISE_BEZIER_KNOTS.);
#1738 = CARTESIAN_POINT('',(-22.,2.43674434275E-14,18.));
#1739 = CARTESIAN_POINT('',(-22.0000001894,-12.5663707373,
    18.272727270379));
#1740 = CARTESIAN_POINT('',(-14.10601436317,-25.13245595951,
    18.545454550756));
#1741 = CARTESIAN_POINT('',(1.698331876081,-32.18927485734,
    18.81818180265));
#1742 = CARTESIAN_POINT('',(21.005759896084,-28.20560680858,
    19.090909118362));
#1743 = CARTESIAN_POINT('',(35.401906492794,-11.63202220727,
    19.363636325954));
#1744 = CARTESIAN_POINT('',(35.401908563343,11.632022270504,
    19.636363670954));
#1745 = CARTESIAN_POINT('',(21.005757994874,28.205606654419,
    19.909090884669));
#1746 = CARTESIAN_POINT('',(1.698333253428,32.189275040575,
    20.18181819357));
#1747 = CARTESIAN_POINT('',(-14.10601511689,25.132455856936,
    20.454545448937));
#1748 = CARTESIAN_POINT('',(-21.99999989961,12.566370748099,
    20.727272728535));
#1749 = CARTESIAN_POINT('',(-22.00000008596,3.05558436912E-09,
    20.999999998952));
#1750 = ORIENTED_EDGE('',*,*,#1751,.F.);
#1751 = EDGE_CURVE('',#1717,#1735,#1752,.T.);
#1752 = LINE('',#1753,#1754);
#1753 = CARTESIAN_POINT('',(-22.,5.606626274357E-15,25.25));
#1754 = VECTOR('',#1755,1.);
#1755 = DIRECTION('',(0.,-2.22044604925E-16,-1.));
#1756 = CYLINDRICAL_SURFACE('',#1757,22.);
#1757 = AXIS2_PLACEMENT_3D('',#1758,#1759,#1760);
#1758 = CARTESIAN_POINT('',(0.,5.606626274357E-15,25.25));
#1759 = DIRECTION('',(-0.,-2.22044604925E-16,-1.));
#1760 = DIRECTION('',(-1.,0.,0.));
#1761 = ADVANCED_FACE('',(#1762),#1788,.F.);
#1762 = FACE_BOUND('',#1763,.F.);
#1763 = EDGE_LOOP('',(#1764,#1765,#1772,#1787));
#1764 = ORIENTED_EDGE('',*,*,#1734,.F.);
#1765 = ORIENTED_EDGE('',*,*,#1766,.T.);
#1766 = EDGE_CURVE('',#1735,#1767,#1769,.T.);
#1767 = VERTEX_POINT('',#1768);
#1768 = CARTESIAN_POINT('',(-20.41672582898,0.,17.261707129102));
#1769 = B_SPLINE_CURVE_WITH_KNOTS('',1,(#1770,#1771),.UNSPECIFIED.,.F.,
  .F.,(2,2),(-1.746949759956,-0.),.PIECEWISE_BEZIER_KNOTS.);
#1770 = CARTESIAN_POINT('',(-22.,2.43674434275E-14,18.));
#1771 = CARTESIAN_POINT('',(-20.41672582899,-1.47128321632E-14,
    17.261707129102));
#1772 = ORIENTED_EDGE('',*,*,#1773,.T.);
#1773 = EDGE_CURVE('',#1767,#1515,#1774,.T.);
#1774 = B_SPLINE_CURVE_WITH_KNOTS('',11,(#1775,#1776,#1777,#1778,#1779,
    #1780,#1781,#1782,#1783,#1784,#1785,#1786),.UNSPECIFIED.,.F.,.F.,(12
    ,12),(0.,6.303048278758),.PIECEWISE_BEZIER_KNOTS.);
#1775 = CARTESIAN_POINT('',(-20.41672582899,-1.47128321632E-14,
    17.261707129102));
#1776 = CARTESIAN_POINT('',(-20.41672601839,-11.66200664569,
    17.534434399479));
#1777 = CARTESIAN_POINT('',(-13.09084669188,-23.32374827062,
    17.807161679871));
#1778 = CARTESIAN_POINT('',(1.576107961566,-29.87270919024,
    18.079888931717));
#1779 = CARTESIAN_POINT('',(19.494038283103,-26.17573344136,
    18.35261624753));
#1780 = CARTESIAN_POINT('',(32.854137143207,-10.79490072126,
    18.625343454967));
#1781 = CARTESIAN_POINT('',(32.854139213755,10.794900784515,
    18.898070800146));
#1782 = CARTESIAN_POINT('',(19.494036381894,26.175733287132,
    19.170798013707));
#1783 = CARTESIAN_POINT('',(1.576109338921,29.872709373524,
    19.443525322706));
#1784 = CARTESIAN_POINT('',(-13.0908474456,23.323748168022,
    19.716252578028));
#1785 = CARTESIAN_POINT('',(-20.41672572859,11.662006656498,
    19.98897985764));
#1786 = CARTESIAN_POINT('',(-20.41672591495,3.057919606033E-09,
    20.261707128055));
#1787 = ORIENTED_EDGE('',*,*,#1514,.F.);
#1788 = B_SPLINE_SURFACE_WITH_KNOTS('',1,11,(
    (#1789,#1790,#1791,#1792,#1793,#1794,#1795,#1796,#1797,#1798,#1799
      ,#1800)
    ,(#1801,#1802,#1803,#1804,#1805,#1806,#1807,#1808,#1809,#1810,#1811
      ,#1812
    )),.UNSPECIFIED.,.F.,.F.,.F.,(2,2),(12,12),(-1.746949759956,-0.),(0.
    ,6.303048278758),.PIECEWISE_BEZIER_KNOTS.);
#1789 = CARTESIAN_POINT('',(-22.,2.43674434275E-14,18.));
#1790 = CARTESIAN_POINT('',(-22.0000001894,-12.5663707373,
    18.272727270379));
#1791 = CARTESIAN_POINT('',(-14.10601436317,-25.13245595951,
    18.545454550756));
#1792 = CARTESIAN_POINT('',(1.698331876081,-32.18927485734,
    18.81818180265));
#1793 = CARTESIAN_POINT('',(21.005759896084,-28.20560680858,
    19.090909118362));
#1794 = CARTESIAN_POINT('',(35.401906492794,-11.63202220727,
    19.363636325954));
#1795 = CARTESIAN_POINT('',(35.401908563343,11.632022270504,
    19.636363670954));
#1796 = CARTESIAN_POINT('',(21.005757994874,28.205606654419,
    19.909090884669));
#1797 = CARTESIAN_POINT('',(1.698333253428,32.189275040575,
    20.18181819357));
#1798 = CARTESIAN_POINT('',(-14.10601511689,25.132455856936,
    20.454545448937));
#1799 = CARTESIAN_POINT('',(-21.99999989961,12.566370748099,
    20.727272728535));
#1800 = CARTESIAN_POINT('',(-22.00000008596,3.05558436912E-09,
    20.999999998952));
#1801 = CARTESIAN_POINT('',(-20.41672582899,-1.47128321632E-14,
    17.261707129102));
#1802 = CARTESIAN_POINT('',(-20.41672601839,-11.66200664569,
    17.534434399479));
#1803 = CARTESIAN_POINT('',(-13.09084669188,-23.32374827062,
    17.807161679871));
#1804 = CARTESIAN_POINT('',(1.576107961566,-29.87270919024,
    18.079888931717));
#1805 = CARTESIAN_POINT('',(19.494038283103,-26.17573344136,
    18.35261624753));
#1806 = CARTESIAN_POINT('',(32.854137143207,-10.79490072126,
    18.625343454967));
#1807 = CARTESIAN_POINT('',(32.854139213755,10.794900784515,
    18.898070800146));
#1808 = CARTESIAN_POINT('',(19.494036381894,26.175733287132,
    19.170798013707));
#1809 = CARTESIAN_POINT('',(1.576109338921,29.872709373524,
    19.443525322706));
#1810 = CARTESIAN_POINT('',(-13.0908474456,23.323748168022,
    19.716252578028));
#1811 = CARTESIAN_POINT('',(-20.41672572859,11.662006656498,
    19.98897985764));
#1812 = CARTESIAN_POINT('',(-20.41672591495,3.057919606033E-09,
    20.261707128055));
#1813 = ADVANCED_FACE('',(#1814),#1824,.F.);
#1814 = FACE_BOUND('',#1815,.F.);
#1815 = EDGE_LOOP('',(#1816,#1817,#1822,#1823));
#1816 = ORIENTED_EDGE('',*,*,#1603,.F.);
#1817 = ORIENTED_EDGE('',*,*,#1818,.T.);
#1818 = EDGE_CURVE('',#1592,#1717,#1819,.T.);
#1819 = B_SPLINE_CURVE_WITH_KNOTS('',1,(#1820,#1821),.UNSPECIFIED.,.F.,
  .F.,(2,2),(-1.746949759956,-0.),.PIECEWISE_BEZIER_KNOTS.);
#1820 = CARTESIAN_POINT('',(-20.41672591495,3.057920958721E-09,
    19.738292869821));
#1821 = CARTESIAN_POINT('',(-22.00000008596,3.055572506855E-09,
    18.999999998923));
#1822 = ORIENTED_EDGE('',*,*,#1716,.T.);
#1823 = ORIENTED_EDGE('',*,*,#1566,.F.);
#1824 = B_SPLINE_SURFACE_WITH_KNOTS('',1,11,(
    (#1825,#1826,#1827,#1828,#1829,#1830,#1831,#1832,#1833,#1834,#1835
      ,#1836)
    ,(#1837,#1838,#1839,#1840,#1841,#1842,#1843,#1844,#1845,#1846,#1847
      ,#1848
    )),.UNSPECIFIED.,.F.,.F.,.F.,(2,2),(12,12),(-1.746949759956,-0.),(0.
    ,6.303048278758),.PIECEWISE_BEZIER_KNOTS.);
#1825 = CARTESIAN_POINT('',(-20.41672591495,3.057753263882E-09,
    19.738292869821));
#1826 = CARTESIAN_POINT('',(-20.41672611486,-11.66200669017,
    20.011020140091));
#1827 = CARTESIAN_POINT('',(-13.09084677137,-23.32374838239,
    20.283747420016));
#1828 = CARTESIAN_POINT('',(1.576108174908,-29.87270928831,
    20.556474676402));
#1829 = CARTESIAN_POINT('',(19.494037629208,-26.17573354602,
    20.829201977201));
#1830 = CARTESIAN_POINT('',(32.854138789761,-10.79490085184,
    21.10192921465));
#1831 = CARTESIAN_POINT('',(32.854137327857,10.79490091186,21.3746565178
    ));
#1832 = CARTESIAN_POINT('',(19.494038309204,26.175733344343,
    21.647383774817));
#1833 = CARTESIAN_POINT('',(1.576108220724,29.872709540594,21.9201110502
    ));
#1834 = CARTESIAN_POINT('',(-13.09084704108,23.323748234211,
    22.192838324451));
#1835 = CARTESIAN_POINT('',(-20.41672591472,11.662006718491,
    22.465565597076));
#1836 = CARTESIAN_POINT('',(-20.41672600106,5.539664797721E-09,
    22.738292868744));
#1837 = CARTESIAN_POINT('',(-22.00000008596,3.055468358719E-09,
    18.999999998923));
#1838 = CARTESIAN_POINT('',(-22.00000028587,-12.56637078179,
    19.272727269196));
#1839 = CARTESIAN_POINT('',(-14.10601444265,-25.13245607129,
    19.54545454918));
#1840 = CARTESIAN_POINT('',(1.69833208941,-32.18927495538,
    19.818181805113));
#1841 = CARTESIAN_POINT('',(21.005759242222,-28.20560691336,
    20.090909107459));
#1842 = CARTESIAN_POINT('',(35.401908139319,-11.63202233764,
    20.363636341648));
#1843 = CARTESIAN_POINT('',(35.401906677465,11.632022397612,
    20.636363649473));
#1844 = CARTESIAN_POINT('',(21.005759922172,28.205606711826,
    20.909090901775));
#1845 = CARTESIAN_POINT('',(1.698332135232,32.189275207542,
    21.181818180488));
#1846 = CARTESIAN_POINT('',(-14.10601471238,25.132455923161,
    21.454545453173));
#1847 = CARTESIAN_POINT('',(-22.00000008573,12.566370810082,
    21.727272726206));
#1848 = CARTESIAN_POINT('',(-22.00000017207,5.535403479302E-09,
    21.999999997875));
#1849 = ADVANCED_FACE('',(#1850),#1881,.F.);
#1850 = FACE_BOUND('',#1851,.F.);
#1851 = EDGE_LOOP('',(#1852,#1853,#1865,#1880));
#1852 = ORIENTED_EDGE('',*,*,#1773,.F.);
#1853 = ORIENTED_EDGE('',*,*,#1854,.T.);
#1854 = EDGE_CURVE('',#1767,#1855,#1857,.T.);
#1855 = VERTEX_POINT('',#1856);
#1856 = CARTESIAN_POINT('',(-20.41672582899,-1.289732111063E-14,
    16.738292870868));
#1857 = ( BOUNDED_CURVE() B_SPLINE_CURVE(6,(#1858,#1859,#1860,#1861,
#1862,#1863,#1864),.UNSPECIFIED.,.F.,.F.) B_SPLINE_CURVE_WITH_KNOTS((7,7
),(5.148721293383,7.417649320976),.PIECEWISE_BEZIER_KNOTS.) CURVE() 
GEOMETRIC_REPRESENTATION_ITEM() RATIONAL_B_SPLINE_CURVE((1.066784588776,
    1.020271475493,0.995708563644,0.987595810361,0.995708563644,
1.020271475493,1.066784588776)) REPRESENTATION_ITEM('') );
#1858 = CARTESIAN_POINT('',(-20.41672582898,0.,17.261707129102));
#1859 = CARTESIAN_POINT('',(-20.31325253209,-4.547473508865E-13,
    17.213456738333));
#1860 = CARTESIAN_POINT('',(-20.23818483229,-4.547473508865E-13,
    17.119879649399));
#1861 = CARTESIAN_POINT('',(-20.21065170478,0.,17.));
#1862 = CARTESIAN_POINT('',(-20.23818483229,0.,16.880120350572));
#1863 = CARTESIAN_POINT('',(-20.31325253209,0.,16.786543261667));
#1864 = CARTESIAN_POINT('',(-20.41672582898,0.,16.738292870898));
#1865 = ORIENTED_EDGE('',*,*,#1866,.T.);
#1866 = EDGE_CURVE('',#1855,#1592,#1867,.T.);
#1867 = ( BOUNDED_CURVE() B_SPLINE_CURVE(11,(#1868,#1869,#1870,#1871,
    #1872,#1873,#1874,#1875,#1876,#1877,#1878,#1879),.UNSPECIFIED.,.F.,
.F.) B_SPLINE_CURVE_WITH_KNOTS((12,12),(0.,6.303048278758),
.PIECEWISE_BEZIER_KNOTS.) CURVE() GEOMETRIC_REPRESENTATION_ITEM() 
RATIONAL_B_SPLINE_CURVE((1.066784588776,1.066784588776,1.066784588776,
    1.066784588776,1.066784588776,1.066784588776,1.066784588776,
    1.066784588776,1.066784588776,1.066784588776,1.066784588776,
1.066784588776)) REPRESENTATION_ITEM('') );
#1868 = CARTESIAN_POINT('',(-20.41672582898,0.,16.738292870898));
#1869 = CARTESIAN_POINT('',(-20.41672602429,-11.66200664568,
    17.011020145233));
#1870 = CARTESIAN_POINT('',(-13.09084666761,-23.32374827066,
    17.283747404494));
#1871 = CARTESIAN_POINT('',(1.576107903005,-29.87270919014,
    17.556474718789));
#1872 = CARTESIAN_POINT('',(19.494038382079,-26.17573344154,
    17.829201905697));
#1873 = CARTESIAN_POINT('',(32.854137019371,-10.79490072098,
    18.101929308788));
#1874 = CARTESIAN_POINT('',(32.854139330535,10.794900784176,
    18.37465643094));
#1875 = CARTESIAN_POINT('',(19.494036299264,26.175733287453,
    18.647383837932));
#1876 = CARTESIAN_POINT('',(1.576109382237,29.872709373294,
    18.920111018931));
#1877 = CARTESIAN_POINT('',(-13.0908474618,23.323748168138,
    19.19283833768));
#1878 = CARTESIAN_POINT('',(-20.4167257249,11.662006656466,
    19.46556559531));
#1879 = CARTESIAN_POINT('',(-20.41672591492,3.058175934711E-09,
    19.738292869821));
#1880 = ORIENTED_EDGE('',*,*,#1591,.F.);
#1881 = ( BOUNDED_SURFACE() B_SPLINE_SURFACE(6,11,(
    (#1882,#1883,#1884,#1885,#1886,#1887,#1888,#1889,#1890,#1891,#1892
      ,#1893)
    ,(#1894,#1895,#1896,#1897,#1898,#1899,#1900,#1901,#1902,#1903,#1904
      ,#1905)
    ,(#1906,#1907,#1908,#1909,#1910,#1911,#1912,#1913,#1914,#1915,#1916
      ,#1917)
    ,(#1918,#1919,#1920,#1921,#1922,#1923,#1924,#1925,#1926,#1927,#1928
      ,#1929)
    ,(#1930,#1931,#1932,#1933,#1934,#1935,#1936,#1937,#1938,#1939,#1940
      ,#1941)
    ,(#1942,#1943,#1944,#1945,#1946,#1947,#1948,#1949,#1950,#1951,#1952
      ,#1953)
    ,(#1954,#1955,#1956,#1957,#1958,#1959,#1960,#1961,#1962,#1963,#1964
,#1965
    )),.UNSPECIFIED.,.F.,.F.,.F.) B_SPLINE_SURFACE_WITH_KNOTS((7,7),(12,
    12),(5.148721293383,7.417649320976),(0.,6.303048278758),
.PIECEWISE_BEZIER_KNOTS.) GEOMETRIC_REPRESENTATION_ITEM() 
RATIONAL_B_SPLINE_SURFACE((
    (1.066784588776,1.066784588776,1.066784588776,1.066784588776
      ,1.066784588776,1.066784588776,1.066784588776,1.066784588776
      ,1.066784588776,1.066784588776,1.066784588776,1.066784588776)
    ,(1.020271475493,1.020271475493,1.020271475492,1.020271475493
      ,1.020271475492,1.020271475493,1.020271475492,1.020271475493
      ,1.020271475492,1.020271475493,1.020271475493,1.020271475493)
    ,(0.995708563644,0.995708563644,0.995708563644,0.995708563644
      ,0.995708563644,0.995708563644,0.995708563644,0.995708563644
      ,0.995708563644,0.995708563644,0.995708563644,0.995708563644)
    ,(0.987595810361,0.987595810361,0.987595810361,0.987595810361
      ,0.987595810362,0.987595810361,0.987595810362,0.987595810361
      ,0.987595810361,0.987595810361,0.987595810361,0.987595810361)
    ,(0.995708563644,0.995708563644,0.995708563644,0.995708563644
      ,0.995708563644,0.995708563644,0.995708563644,0.995708563644
      ,0.995708563644,0.995708563644,0.995708563644,0.995708563644)
    ,(1.020271475493,1.020271475493,1.020271475492,1.020271475493
      ,1.020271475492,1.020271475494,1.020271475491,1.020271475493
      ,1.020271475492,1.020271475493,1.020271475493,1.020271475493)
    ,(1.066784588776,1.066784588776,1.066784588776,1.066784588776
      ,1.066784588776,1.066784588776,1.066784588776,1.066784588776
      ,1.066784588776,1.066784588776,1.066784588776,1.066784588776
))) REPRESENTATION_ITEM('') SURFACE() );
#1882 = CARTESIAN_POINT('',(-20.41672582898,0.,17.261707129102));
#1883 = CARTESIAN_POINT('',(-20.41672602429,-11.66200664572,
    17.534434405068));
#1884 = CARTESIAN_POINT('',(-13.09084666761,-23.32374827049,
    17.807161655481));
#1885 = CARTESIAN_POINT('',(1.576107903005,-29.87270919055,
    18.07988899335));
#1886 = CARTESIAN_POINT('',(19.494038382079,-26.17573344085,
    18.352616140328));
#1887 = CARTESIAN_POINT('',(32.854137019371,-10.79490072187,
    18.625343589927));
#1888 = CARTESIAN_POINT('',(32.854139330535,10.794900785032,
    18.898070675292));
#1889 = CARTESIAN_POINT('',(19.494036299264,26.175733286825,
    19.170798099309));
#1890 = CARTESIAN_POINT('',(1.576109382237,29.872709373639,
    19.443525279377));
#1891 = CARTESIAN_POINT('',(-13.0908474618,23.323748168003,
    19.716252593586));
#1892 = CARTESIAN_POINT('',(-20.4167257249,11.662006656497,
    19.988979854214));
#1893 = CARTESIAN_POINT('',(-20.41672591492,3.058175934711E-09,
    20.261707128026));
#1894 = CARTESIAN_POINT('',(-20.31325253209,-4.547473508865E-13,
    17.213456738333));
#1895 = CARTESIAN_POINT('',(-20.31325272558,-11.60290283681,
    17.48618401945));
#1896 = CARTESIAN_POINT('',(-13.02450140868,-23.20554199167,
    17.75891124396));
#1897 = CARTESIAN_POINT('',(1.568120097363,-29.72131236345,
    18.031638652203));
#1898 = CARTESIAN_POINT('',(19.395241306484,-26.04307309966,
    18.304365661723));
#1899 = CARTESIAN_POINT('',(32.687630132685,-10.74019148793,
    18.577093321946));
#1900 = CARTESIAN_POINT('',(32.687632399815,10.740191551304,
    18.849820147123));
#1901 = CARTESIAN_POINT('',(19.395239253441,26.043072945152,
    19.122547828709));
#1902 = CARTESIAN_POINT('',(1.568121563439,29.721312547006,
    19.39527480994));
#1903 = CARTESIAN_POINT('',(-13.0245021992,23.205541888914,
    19.668002238672));
#1904 = CARTESIAN_POINT('',(-20.3132524268,11.602902847663,
    19.940729453956));
#1905 = CARTESIAN_POINT('',(-20.31325261804,3.058175934711E-09,
    20.213456737285));
#1906 = CARTESIAN_POINT('',(-20.23818483229,-4.547473508865E-13,
    17.119879649399));
#1907 = CARTESIAN_POINT('',(-20.23818502857,-11.56002426696,
    17.392606921901));
#1908 = CARTESIAN_POINT('',(-12.97636930141,-23.11978582364,
    17.66533419094));
#1909 = CARTESIAN_POINT('',(1.562325066421,-29.61147715026,
    17.938061477384));
#1910 = CARTESIAN_POINT('',(19.323566191277,-25.94683081438,
    18.210788718599));
#1911 = CARTESIAN_POINT('',(32.566832776414,-10.70050108822,
    18.48351604701));
#1912 = CARTESIAN_POINT('',(32.566835235892,10.700501151535,
    18.756243241602));
#1913 = CARTESIAN_POINT('',(19.323563997808,25.946830660051,
    19.028970599233));
#1914 = CARTESIAN_POINT('',(1.562326606305,29.611477333612,
    19.30169780369));
#1915 = CARTESIAN_POINT('',(-12.9763701187,23.119785721024,
    19.574425114697));
#1916 = CARTESIAN_POINT('',(-20.23818472426,11.560024277766,
    19.847152373986));
#1917 = CARTESIAN_POINT('',(-20.23818491821,3.057721187361E-09,
    20.119879648351));
#1918 = CARTESIAN_POINT('',(-20.21065170478,0.,17.));
#1919 = CARTESIAN_POINT('',(-20.21065188906,-11.54429738113,
    17.272727264208));
#1920 = CARTESIAN_POINT('',(-12.95871559385,-23.08833240934,
    17.545454576466));
#1921 = CARTESIAN_POINT('',(1.560199724947,-29.57119208679,
    17.81818174143));
#1922 = CARTESIAN_POINT('',(19.297277122707,-25.91153133247,
    18.090909219143));
#1923 = CARTESIAN_POINT('',(32.522527410969,-10.68594354737,
    18.363636204798));
#1924 = CARTESIAN_POINT('',(32.522529203736,10.685943610605,
    18.636363780504));
#1925 = CARTESIAN_POINT('',(19.297275435383,25.9115311783,
    18.909090809349));
#1926 = CARTESIAN_POINT('',(1.560200978565,29.571192270042,
    19.181818232813));
#1927 = CARTESIAN_POINT('',(-12.95871629708,23.08833230675,
    19.45454543404));
#1928 = CARTESIAN_POINT('',(-20.21065161135,11.544297391934,
    19.727272732125));
#1929 = CARTESIAN_POINT('',(-20.21065179075,3.057721187361E-09,
    19.999999998923));
#1930 = CARTESIAN_POINT('',(-20.23818483229,0.,16.880120350572));
#1931 = CARTESIAN_POINT('',(-20.23818502324,-11.56002426686,
    17.152847621823));
#1932 = CARTESIAN_POINT('',(-12.97636932382,-23.11978582406,
    17.425574897788));
#1933 = CARTESIAN_POINT('',(1.56232512102,-29.61147714928,
    17.698302162084));
#1934 = CARTESIAN_POINT('',(19.323566099541,-25.94683081601,
    17.97102945135));
#1935 = CARTESIAN_POINT('',(32.56683288663,-10.70050108623,
    18.243756704673));
#1936 = CARTESIAN_POINT('',(32.56683514046,10.700501149683,
    18.516483987449));
#1937 = CARTESIAN_POINT('',(19.323564055958,25.94683066136,
    18.789211265335));
#1938 = CARTESIAN_POINT('',(1.562326582294,29.611477332913,
    19.061938525381));
#1939 = CARTESIAN_POINT('',(-12.97637011238,23.119785721295,
    19.334665807197));
#1940 = CARTESIAN_POINT('',(-20.23818472513,11.560024277704,
    19.607393077371));
#1941 = CARTESIAN_POINT('',(-20.23818491824,3.058175934711E-09,
    19.880120349495));
#1942 = CARTESIAN_POINT('',(-20.31325253209,0.,16.786543261667));
#1943 = CARTESIAN_POINT('',(-20.31325272802,-11.60290283679,
    17.05927054616));
#1944 = CARTESIAN_POINT('',(-13.02450139884,-23.20554199175,
    17.331997753732));
#1945 = CARTESIAN_POINT('',(1.568120072829,-29.72131236323,
    17.604725207406));
#1946 = CARTESIAN_POINT('',(19.395241350256,-26.04307310006,
    17.877452132438));
#1947 = CARTESIAN_POINT('',(32.687630075001,-10.74019148736,
    18.15017990864));
#1948 = CARTESIAN_POINT('',(32.687632454588,10.740191550679,
    18.422906614636));
#1949 = CARTESIAN_POINT('',(19.395239217207,26.043072945697,
    18.695634387201));
#1950 = CARTESIAN_POINT('',(1.568121579359,29.721312546642,
    18.968361318228));
#1951 = CARTESIAN_POINT('',(-13.0245022035,23.205541889085,
    19.241088765761));
#1952 = CARTESIAN_POINT('',(-20.31325242621,11.602902847619,
    19.513815977029));
#1953 = CARTESIAN_POINT('',(-20.31325261804,3.058630682062E-09,
    19.78654326062));
#1954 = CARTESIAN_POINT('',(-20.41672582898,0.,16.738292870898));
#1955 = CARTESIAN_POINT('',(-20.41672602429,-11.66200664568,
    17.011020145233));
#1956 = CARTESIAN_POINT('',(-13.09084666761,-23.32374827066,
    17.283747404494));
#1957 = CARTESIAN_POINT('',(1.576107903005,-29.87270919014,
    17.556474718789));
#1958 = CARTESIAN_POINT('',(19.494038382079,-26.17573344154,
    17.829201905697));
#1959 = CARTESIAN_POINT('',(32.854137019371,-10.79490072098,
    18.101929308788));
#1960 = CARTESIAN_POINT('',(32.854139330535,10.794900784176,
    18.37465643094));
#1961 = CARTESIAN_POINT('',(19.494036299264,26.175733287453,
    18.647383837932));
#1962 = CARTESIAN_POINT('',(1.576109382237,29.872709373294,
    18.920111018931));
#1963 = CARTESIAN_POINT('',(-13.0908474618,23.323748168138,
    19.19283833768));
#1964 = CARTESIAN_POINT('',(-20.4167257249,11.662006656466,
    19.46556559531));
#1965 = CARTESIAN_POINT('',(-20.41672591492,3.058175934711E-09,
    19.738292869821));
#1966 = ADVANCED_FACE('',(#1967),#2116,.F.);
#1967 = FACE_BOUND('',#1968,.T.);
#1968 = EDGE_LOOP('',(#1969,#1979,#1994,#1995,#2014,#2091,#2108,#2109));
#1969 = ORIENTED_EDGE('',*,*,#1970,.F.);
#1970 = EDGE_CURVE('',#1971,#1973,#1975,.T.);
#1971 = VERTEX_POINT('',#1972);
#1972 = CARTESIAN_POINT('',(-22.,1.811697078484E-15,15.999999999971));
#1973 = VERTEX_POINT('',#1974);
#1974 = CARTESIAN_POINT('',(-22.,3.386180225107E-15,15.25));
#1975 = LINE('',#1976,#1977);
#1976 = CARTESIAN_POINT('',(-22.,5.606626274357E-15,25.25));
#1977 = VECTOR('',#1978,1.);
#1978 = DIRECTION('',(0.,-2.22044604925E-16,-1.));
#1979 = ORIENTED_EDGE('',*,*,#1980,.T.);
#1980 = EDGE_CURVE('',#1971,#1717,#1981,.T.);
#1981 = B_SPLINE_CURVE_WITH_KNOTS('',11,(#1982,#1983,#1984,#1985,#1986,
    #1987,#1988,#1989,#1990,#1991,#1992,#1993),.UNSPECIFIED.,.F.,.F.,(12
    ,12),(0.,6.303048278758),.PIECEWISE_BEZIER_KNOTS.);
#1982 = CARTESIAN_POINT('',(-22.,-1.705676361232E-15,15.999999999971));
#1983 = CARTESIAN_POINT('',(-22.0000001894,-12.5663707373,
    16.272727270349));
#1984 = CARTESIAN_POINT('',(-14.10601436316,-25.13245595952,
    16.545454550733));
#1985 = CARTESIAN_POINT('',(1.698331876062,-32.18927485733,
    16.818181802605));
#1986 = CARTESIAN_POINT('',(21.005759896119,-28.20560680861,
    17.09090911836));
#1987 = CARTESIAN_POINT('',(35.401906492752,-11.63202220723,
    17.36363632589));
#1988 = CARTESIAN_POINT('',(35.401908563382,11.632022270463,
    17.636363670959));
#1989 = CARTESIAN_POINT('',(21.005757994849,28.205606654441,
    17.909090884615));
#1990 = CARTESIAN_POINT('',(1.698333253441,32.189275040572,
    18.181818193555));
#1991 = CARTESIAN_POINT('',(-14.1060151169,25.132455856936,
    18.454545448902));
#1992 = CARTESIAN_POINT('',(-21.9999998996,12.566370748099,
    18.727272728508));
#1993 = CARTESIAN_POINT('',(-22.00000008596,3.055572506855E-09,
    18.999999998923));
#1994 = ORIENTED_EDGE('',*,*,#1751,.T.);
#1995 = ORIENTED_EDGE('',*,*,#1996,.T.);
#1996 = EDGE_CURVE('',#1735,#1997,#1999,.T.);
#1997 = VERTEX_POINT('',#1998);
#1998 = CARTESIAN_POINT('',(-18.34640400238,12.141229763961,
    16.982531417341));
#1999 = B_SPLINE_CURVE_WITH_KNOTS('',4,(#2000,#2001,#2002,#2003,#2004,
    #2005,#2006,#2007,#2008,#2009,#2010,#2011,#2012,#2013),
  .UNSPECIFIED.,.F.,.F.,(5,3,3,3,5),(0.,0.249999359137,0.499998557565,
    0.74999928034,1.),.UNSPECIFIED.);
#2000 = CARTESIAN_POINT('',(-22.,9.551415214304E-12,18.));
#2001 = CARTESIAN_POINT('',(-22.,0.803836232371,17.936408342036));
#2002 = CARTESIAN_POINT('',(-21.96083917333,1.607673975063,
    17.872816647215));
#2003 = CARTESIAN_POINT('',(-21.88251773708,2.408644863756,
    17.809224857101));
#2004 = CARTESIAN_POINT('',(-21.64838874959,3.999176954007,
    17.682041342266));
#2005 = CARTESIAN_POINT('',(-21.49258080797,4.788741148446,
    17.618449534743));
#2006 = CARTESIAN_POINT('',(-21.29844730365,5.569766092931,
    17.554857789033));
#2007 = CARTESIAN_POINT('',(-20.83518037359,7.109248803932,
    17.42767421427));
#2008 = CARTESIAN_POINT('',(-20.56604562168,7.867709323838,
    17.364082304391));
#2009 = CARTESIAN_POINT('',(-20.26023701898,8.612140029257,
    17.300490525571));
#2010 = CARTESIAN_POINT('',(-19.57770726312,10.067747426916,
    17.173307058883));
#2011 = CARTESIAN_POINT('',(-19.20098482745,10.778926856992,
    17.109715301048));
#2012 = CARTESIAN_POINT('',(-18.79002279896,11.470885011133,
    17.046123416623));
#2013 = CARTESIAN_POINT('',(-18.34640400238,12.141229763961,
    16.982531417341));
#2014 = ORIENTED_EDGE('',*,*,#2015,.F.);
#2015 = EDGE_CURVE('',#2016,#1997,#2018,.T.);
#2016 = VERTEX_POINT('',#2017);
#2017 = CARTESIAN_POINT('',(-18.34640395492,12.14122983568,
    16.459117159193));
#2018 = B_SPLINE_CURVE_WITH_KNOTS('',8,(#2019,#2020,#2021,#2022,#2023,
    #2024,#2025,#2026,#2027,#2028,#2029,#2030,#2031,#2032,#2033,#2034,
    #2035,#2036,#2037,#2038,#2039,#2040,#2041,#2042,#2043,#2044,#2045,
    #2046,#2047,#2048,#2049,#2050,#2051,#2052,#2053,#2054,#2055,#2056,
    #2057,#2058,#2059,#2060,#2061,#2062,#2063,#2064,#2065,#2066,#2067,
    #2068,#2069,#2070,#2071,#2072,#2073,#2074,#2075,#2076,#2077,#2078,
    #2079,#2080,#2081,#2082,#2083,#2084,#2085,#2086,#2087,#2088,#2089,
    #2090),.UNSPECIFIED.,.F.,.F.,(9,7,7,7,7,7,7,7,7,7,9),(0.,
    0.250581564871,0.394124971795,0.43741543018,0.458084265121,
    0.49684799,0.53539240252,0.555370347143,0.597824132469,
    0.739822492128,1.),.UNSPECIFIED.);
#2019 = CARTESIAN_POINT('',(-18.34640395492,12.14122983568,
    16.459117159193));
#2020 = CARTESIAN_POINT('',(-18.28749299138,12.230249181259,
    16.462927745294));
#2021 = CARTESIAN_POINT('',(-18.22844584029,12.31840172557,
    16.467633345899));
#2022 = CARTESIAN_POINT('',(-18.16930334846,12.405648387896,
    16.473298098822));
#2023 = CARTESIAN_POINT('',(-18.11016450241,12.491865649029,
    16.480009086116));
#2024 = CARTESIAN_POINT('',(-18.05118632801,12.576852002726,
    16.48787202356));
#2025 = CARTESIAN_POINT('',(-17.99262451742,12.660281224615,
    16.497038182218));
#2026 = CARTESIAN_POINT('',(-17.93482206232,12.741724415624,
    16.507692016235));
#2027 = CARTESIAN_POINT('',(-17.84603545371,12.86553915497,
    16.527332898612));
#2028 = CARTESIAN_POINT('',(-17.81421843895,12.90963414123,
    16.535071102596));
#2029 = CARTESIAN_POINT('',(-17.78297162382,12.952678812416,
    16.543467866198));
#2030 = CARTESIAN_POINT('',(-17.75243595796,12.994497230815,
    16.552603665799));
#2031 = CARTESIAN_POINT('',(-17.72286312771,13.034767263635,
    16.562569829122));
#2032 = CARTESIAN_POINT('',(-17.69461702232,13.073025126466,
    16.573465299402));
#2033 = CARTESIAN_POINT('',(-17.66819508057,13.108641496639,
    16.585402403197));
#2034 = CARTESIAN_POINT('',(-17.63710422889,13.150387822412,
    16.602499433487));
#2035 = CARTESIAN_POINT('',(-17.63013592311,13.159731665995,
    16.606567199653));
#2036 = CARTESIAN_POINT('',(-17.62342410573,13.168719936684,
    16.610744157863));
#2037 = CARTESIAN_POINT('',(-17.61699288859,13.177321890182,
    16.615032577056));
#2038 = CARTESIAN_POINT('',(-17.61086903483,13.185503363816,
    16.619433877055));
#2039 = CARTESIAN_POINT('',(-17.60508136729,13.193227544683,
    16.62394841457));
#2040 = CARTESIAN_POINT('',(-17.5996601768,13.200455737785,
    16.628575269187));
#2041 = CARTESIAN_POINT('',(-17.59223816098,13.210343388775,
    16.63557357425));
#2042 = CARTESIAN_POINT('',(-17.58993036115,13.213416469197,
    16.637860085497));
#2043 = CARTESIAN_POINT('',(-17.58771673401,13.216362897179,
    16.640171254911));
#2044 = CARTESIAN_POINT('',(-17.58560073621,13.219178253111,
    16.642506654545));
#2045 = CARTESIAN_POINT('',(-17.58358577803,13.221858176044,
    16.644865736706));
#2046 = CARTESIAN_POINT('',(-17.58167522347,13.224398363681,
    16.647247833951));
#2047 = CARTESIAN_POINT('',(-17.57987239021,13.226794572381,
    16.649652159092));
#2048 = CARTESIAN_POINT('',(-17.57500755771,13.233258751724,
    16.656627025234));
#2049 = CARTESIAN_POINT('',(-17.57222434458,13.236954555602,
    16.661251880231));
#2050 = CARTESIAN_POINT('',(-17.5698526739,13.240102159732,
    16.665945463334));
#2051 = CARTESIAN_POINT('',(-17.56791175893,13.242676975909,
    16.670699712675));
#2052 = CARTESIAN_POINT('',(-17.5664173597,13.244658847861,
    16.675505376903));
#2053 = CARTESIAN_POINT('',(-17.56538088024,13.246033202323,
    16.680351980718));
#2054 = CARTESIAN_POINT('',(-17.56480846578,13.246792200106,
    16.685227790404));
#2055 = CARTESIAN_POINT('',(-17.56459234721,13.247078761308,
    16.694984091069));
#2056 = CARTESIAN_POINT('',(-17.56494338351,13.246613298679,
    16.699865499786));
#2057 = CARTESIAN_POINT('',(-17.56575355309,13.245539101623,
    16.704751235375));
#2058 = CARTESIAN_POINT('',(-17.56701714734,13.243863519251,
    16.709629375531));
#2059 = CARTESIAN_POINT('',(-17.56872329484,13.241600509519,
    16.714488874017));
#2060 = CARTESIAN_POINT('',(-17.57085685144,13.238769501287,
    16.719319588886));
#2061 = CARTESIAN_POINT('',(-17.57339929029,13.235394256393,
    16.724112310707));
#2062 = CARTESIAN_POINT('',(-17.57784839579,13.229484198246,
    16.731318937682));
#2063 = CARTESIAN_POINT('',(-17.57947154749,13.227327503275,
    16.733766840214));
#2064 = CARTESIAN_POINT('',(-17.58119614157,13.225035369825,
    16.736201474271));
#2065 = CARTESIAN_POINT('',(-17.58301922629,13.222611579115,
    16.738621917338));
#2066 = CARTESIAN_POINT('',(-17.58493780356,13.220059970555,
    16.741027348508));
#2067 = CARTESIAN_POINT('',(-17.58694882901,13.217384441755,
    16.743417048482));
#2068 = CARTESIAN_POINT('',(-17.58904921192,13.214588948518,
    16.745790399569));
#2069 = CARTESIAN_POINT('',(-17.59588241881,13.205490591873,
    16.753154495706));
#2070 = CARTESIAN_POINT('',(-17.60091828606,13.198780204627,
    16.758085592598));
#2071 = CARTESIAN_POINT('',(-17.60631419068,13.191583710756,
    16.762935670157));
#2072 = CARTESIAN_POINT('',(-17.61204159244,13.183937594826,
    16.767701682811));
#2073 = CARTESIAN_POINT('',(-17.61807320458,13.175876724471,
    16.772381887923));
#2074 = CARTESIAN_POINT('',(-17.62438356136,13.167433616551,
    16.776975688096));
#2075 = CARTESIAN_POINT('',(-17.63094958547,13.158637703309,
    16.781483473471));
#2076 = CARTESIAN_POINT('',(-17.66050087683,13.118999865764,
    16.800700372267));
#2077 = CARTESIAN_POINT('',(-17.68583333837,13.084894940015,
    16.814512215269));
#2078 = CARTESIAN_POINT('',(-17.71304234377,13.048095811241,
    16.827441889346));
#2079 = CARTESIAN_POINT('',(-17.74162996084,13.009232140564,
    16.839562980438));
#2080 = CARTESIAN_POINT('',(-17.77122994773,12.968770057139,
    16.850945955323));
#2081 = CARTESIAN_POINT('',(-17.80158711506,12.92703552045,
    16.861662119656));
#2082 = CARTESIAN_POINT('',(-17.83255577886,12.884210172656,
    16.871780666996));
#2083 = CARTESIAN_POINT('',(-17.92184177899,12.759991433225,
    16.898943361057));
#2084 = CARTESIAN_POINT('',(-17.9812193283,12.676510946612,
    16.914666345571));
#2085 = CARTESIAN_POINT('',(-18.04151120172,12.590779594639,
    16.928888055182));
#2086 = CARTESIAN_POINT('',(-18.10232469594,12.503285706315,
    16.941783805501));
#2087 = CARTESIAN_POINT('',(-18.16336448287,12.414404057567,
    16.953501556286));
#2088 = CARTESIAN_POINT('',(-18.22445385338,12.324359455761,
    16.964143820334));
#2089 = CARTESIAN_POINT('',(-18.28548146428,12.233288766105,
    16.97379827522));
#2090 = CARTESIAN_POINT('',(-18.34640400234,12.141229764023,
    16.98253141734));
#2091 = ORIENTED_EDGE('',*,*,#2092,.F.);
#2092 = EDGE_CURVE('',#1971,#2016,#2093,.T.);
#2093 = B_SPLINE_CURVE_WITH_KNOTS('',4,(#2094,#2095,#2096,#2097,#2098,
    #2099,#2100,#2101,#2102,#2103,#2104,#2105,#2106,#2107),
  .UNSPECIFIED.,.F.,.F.,(5,3,3,3,5),(0.,0.249999360275,0.499998556618,
    0.749999280769,1.),.UNSPECIFIED.);
#2094 = CARTESIAN_POINT('',(-22.,5.845823825013E-12,15.999999999971));
#2095 = CARTESIAN_POINT('',(-22.,0.803836243515,16.028694799841));
#2096 = CARTESIAN_POINT('',(-21.96083917242,1.607674001771,
    16.057389618562));
#2097 = CARTESIAN_POINT('',(-21.88251773252,2.408644911552,
    16.086084564347));
#2098 = CARTESIAN_POINT('',(-21.64838873616,3.999177028392,
    16.143474447459));
#2099 = CARTESIAN_POINT('',(-21.492580789,4.788741238177,16.172169428439
    ));
#2100 = CARTESIAN_POINT('',(-21.29844727728,5.569766193714,
    16.200864323124));
#2101 = CARTESIAN_POINT('',(-20.83518033707,7.109248912153,
    16.25825398482));
#2102 = CARTESIAN_POINT('',(-20.5660455784,7.867709437537,
    16.286948789903));
#2103 = CARTESIAN_POINT('',(-20.26023697223,8.612140138417,
    16.315643451841));
#2104 = CARTESIAN_POINT('',(-19.57770721902,10.067747511511,
    16.373032741687));
#2105 = CARTESIAN_POINT('',(-19.20098478609,10.778926930028,
    16.401727396264));
#2106 = CARTESIAN_POINT('',(-18.79002275665,11.470885080756,
    16.430422200924));
#2107 = CARTESIAN_POINT('',(-18.34640395496,12.141229835624,
    16.459117159166));
#2108 = ORIENTED_EDGE('',*,*,#1970,.T.);
#2109 = ORIENTED_EDGE('',*,*,#2110,.F.);
#2110 = EDGE_CURVE('',#1973,#1973,#2111,.T.);
#2111 = CIRCLE('',#2112,22.);
#2112 = AXIS2_PLACEMENT_3D('',#2113,#2114,#2115);
#2113 = CARTESIAN_POINT('',(0.,3.386180225107E-15,15.25));
#2114 = DIRECTION('',(0.,2.22044604925E-16,1.));
#2115 = DIRECTION('',(-1.,0.,0.));
#2116 = CYLINDRICAL_SURFACE('',#2117,22.);
#2117 = AXIS2_PLACEMENT_3D('',#2118,#2119,#2120);
#2118 = CARTESIAN_POINT('',(0.,5.606626274357E-15,25.25));
#2119 = DIRECTION('',(-0.,-2.22044604925E-16,-1.));
#2120 = DIRECTION('',(-1.,0.,0.));
#2121 = ADVANCED_FACE('',(#2122),#2136,.T.);
#2122 = FACE_BOUND('',#2123,.T.);
#2123 = EDGE_LOOP('',(#2124,#2125,#2126));
#2124 = ORIENTED_EDGE('',*,*,#1996,.F.);
#2125 = ORIENTED_EDGE('',*,*,#1766,.T.);
#2126 = ORIENTED_EDGE('',*,*,#2127,.T.);
#2127 = EDGE_CURVE('',#1767,#1997,#2128,.T.);
#2128 = B_SPLINE_CURVE_WITH_KNOTS('',6,(#2129,#2130,#2131,#2132,#2133,
    #2134,#2135),.UNSPECIFIED.,.F.,.F.,(7,7),(0.,1.304545336578),
  .PIECEWISE_BEZIER_KNOTS.);
#2129 = CARTESIAN_POINT('',(-20.41672582899,-1.42108547152E-14,
    17.261707129102));
#2130 = CARTESIAN_POINT('',(-20.79481128099,2.85023196774,
    17.195040136979));
#2131 = CARTESIAN_POINT('',(-20.69541633145,5.827161777622,
    17.128373144287));
#2132 = CARTESIAN_POINT('',(-20.07875171739,8.830841238985,
    17.06170615293));
#2133 = CARTESIAN_POINT('',(-18.9328451318,11.746250315454,
    16.99503916205));
#2134 = CARTESIAN_POINT('',(-17.28179358461,14.45609710563,
    16.928372169758));
#2135 = CARTESIAN_POINT('',(-15.18152866526,16.85648965319,
    16.861705178613));
#2136 = B_SPLINE_SURFACE_WITH_KNOTS('',1,6,(
    (#2137,#2138,#2139,#2140,#2141,#2142,#2143)
    ,(#2144,#2145,#2146,#2147,#2148,#2149,#2150
  )),.UNSPECIFIED.,.F.,.F.,.F.,(2,2),(7,7),(-1.746949759956,-0.),(0.,
    1.304545336578),.PIECEWISE_BEZIER_KNOTS.);
#2137 = CARTESIAN_POINT('',(-22.,2.48689957516E-14,18.));
#2138 = CARTESIAN_POINT('',(-22.37808545188,3.071299079189,
    17.933333008123));
#2139 = CARTESIAN_POINT('',(-22.24165029632,6.269296000348,
    17.866666015678));
#2140 = CARTESIAN_POINT('',(-21.55090445497,9.486286981102,
    17.799999024566));
#2141 = CARTESIAN_POINT('',(-20.29604628402,12.599482266651,
    17.733332033932));
#2142 = CARTESIAN_POINT('',(-18.50549437104,15.484777887726,
    17.666665041886));
#2143 = CARTESIAN_POINT('',(-16.24094438553,18.033092997593,
    17.599998050986));
#2144 = CARTESIAN_POINT('',(-20.41672582899,-1.42108547152E-14,
    17.261707129102));
#2145 = CARTESIAN_POINT('',(-20.79481128099,2.85023196774,
    17.195040136979));
#2146 = CARTESIAN_POINT('',(-20.69541633145,5.827161777622,
    17.128373144287));
#2147 = CARTESIAN_POINT('',(-20.07875171739,8.830841238985,
    17.06170615293));
#2148 = CARTESIAN_POINT('',(-18.9328451318,11.746250315454,
    16.99503916205));
#2149 = CARTESIAN_POINT('',(-17.28179358461,14.45609710563,
    16.928372169758));
#2150 = CARTESIAN_POINT('',(-15.18152866526,16.85648965319,
    16.861705178613));
#2151 = ADVANCED_FACE('',(#2152),#2162,.F.);
#2152 = FACE_BOUND('',#2153,.F.);
#2153 = EDGE_LOOP('',(#2154,#2155,#2160,#2161));
#2154 = ORIENTED_EDGE('',*,*,#1866,.F.);
#2155 = ORIENTED_EDGE('',*,*,#2156,.T.);
#2156 = EDGE_CURVE('',#1855,#1971,#2157,.T.);
#2157 = B_SPLINE_CURVE_WITH_KNOTS('',1,(#2158,#2159),.UNSPECIFIED.,.F.,
  .F.,(2,2),(-1.746949759956,-0.),.PIECEWISE_BEZIER_KNOTS.);
#2158 = CARTESIAN_POINT('',(-20.41672582899,-1.336014434546E-14,
    16.738292870868));
#2159 = CARTESIAN_POINT('',(-22.,-1.705676361232E-15,15.999999999971));
#2160 = ORIENTED_EDGE('',*,*,#1980,.T.);
#2161 = ORIENTED_EDGE('',*,*,#1818,.F.);
#2162 = B_SPLINE_SURFACE_WITH_KNOTS('',1,11,(
    (#2163,#2164,#2165,#2166,#2167,#2168,#2169,#2170,#2171,#2172,#2173
      ,#2174)
    ,(#2175,#2176,#2177,#2178,#2179,#2180,#2181,#2182,#2183,#2184,#2185
      ,#2186
    )),.UNSPECIFIED.,.F.,.F.,.F.,(2,2),(12,12),(-1.746949759956,-0.),(0.
    ,6.303048278758),.PIECEWISE_BEZIER_KNOTS.);
#2163 = CARTESIAN_POINT('',(-20.41672582899,-1.336014434546E-14,
    16.738292870868));
#2164 = CARTESIAN_POINT('',(-20.41672601839,-11.66200664569,
    17.011020141245));
#2165 = CARTESIAN_POINT('',(-13.09084669188,-23.32374827062,
    17.283747421638));
#2166 = CARTESIAN_POINT('',(1.576107961572,-29.87270919024,
    17.556474673481));
#2167 = CARTESIAN_POINT('',(19.494038283094,-26.17573344135,
    17.8292019893));
#2168 = CARTESIAN_POINT('',(32.854137143212,-10.79490072126,
    18.101929196728));
#2169 = CARTESIAN_POINT('',(32.854139213756,10.794900784517,
    18.374656541917));
#2170 = CARTESIAN_POINT('',(19.494036381889,26.175733287125,
    18.647383755469));
#2171 = CARTESIAN_POINT('',(1.576109338925,29.872709373531,
    18.920111064474));
#2172 = CARTESIAN_POINT('',(-13.0908474456,23.323748168019,
    19.192838319793));
#2173 = CARTESIAN_POINT('',(-20.41672572859,11.662006656498,
    19.465565599406));
#2174 = CARTESIAN_POINT('',(-20.41672591495,3.057920958721E-09,
    19.738292869821));
#2175 = CARTESIAN_POINT('',(-22.,-1.705676361232E-15,15.999999999971));
#2176 = CARTESIAN_POINT('',(-22.0000001894,-12.5663707373,
    16.272727270349));
#2177 = CARTESIAN_POINT('',(-14.10601436316,-25.13245595952,
    16.545454550733));
#2178 = CARTESIAN_POINT('',(1.698331876062,-32.18927485733,
    16.818181802605));
#2179 = CARTESIAN_POINT('',(21.005759896119,-28.20560680861,
    17.09090911836));
#2180 = CARTESIAN_POINT('',(35.401906492752,-11.63202220723,
    17.36363632589));
#2181 = CARTESIAN_POINT('',(35.401908563382,11.632022270463,
    17.636363670959));
#2182 = CARTESIAN_POINT('',(21.005757994849,28.205606654441,
    17.909090884615));
#2183 = CARTESIAN_POINT('',(1.698333253441,32.189275040572,
    18.181818193555));
#2184 = CARTESIAN_POINT('',(-14.1060151169,25.132455856936,
    18.454545448902));
#2185 = CARTESIAN_POINT('',(-21.9999998996,12.566370748099,
    18.727272728508));
#2186 = CARTESIAN_POINT('',(-22.00000008596,3.055572506855E-09,
    18.999999998923));
#2187 = ADVANCED_FACE('',(#2188),#2203,.T.);
#2188 = FACE_BOUND('',#2189,.T.);
#2189 = EDGE_LOOP('',(#2190,#2191,#2192,#2202));
#2190 = ORIENTED_EDGE('',*,*,#2127,.F.);
#2191 = ORIENTED_EDGE('',*,*,#1854,.T.);
#2192 = ORIENTED_EDGE('',*,*,#2193,.T.);
#2193 = EDGE_CURVE('',#1855,#2016,#2194,.T.);
#2194 = ( BOUNDED_CURVE() B_SPLINE_CURVE(6,(#2195,#2196,#2197,#2198,
#2199,#2200,#2201),.UNSPECIFIED.,.F.,.F.) B_SPLINE_CURVE_WITH_KNOTS((7,7
),(0.,1.304545336578),.PIECEWISE_BEZIER_KNOTS.) CURVE() 
GEOMETRIC_REPRESENTATION_ITEM() RATIONAL_B_SPLINE_CURVE((1.066784588776,
    1.066784588776,1.066784588776,1.066784588776,1.066784588776,
1.066784588776,1.066784588776)) REPRESENTATION_ITEM('') );
#2195 = CARTESIAN_POINT('',(-20.41672582898,0.,16.738292870898));
#2196 = CARTESIAN_POINT('',(-20.79481128106,2.850231988921,
    16.671625878774));
#2197 = CARTESIAN_POINT('',(-20.69541632451,5.827161819992,
    16.604958886082));
#2198 = CARTESIAN_POINT('',(-20.07875169632,8.830841300359,
    16.538291894725));
#2199 = CARTESIAN_POINT('',(-18.93284509035,11.746250391348,
    16.471624903845));
#2200 = CARTESIAN_POINT('',(-17.28179351815,14.456097189859,
    16.404957911553));
#2201 = CARTESIAN_POINT('',(-15.18152857124,16.856489738491,
    16.338290920408));
#2202 = ORIENTED_EDGE('',*,*,#2015,.T.);
#2203 = ( BOUNDED_SURFACE() B_SPLINE_SURFACE(6,6,(
    (#2204,#2205,#2206,#2207,#2208,#2209,#2210)
    ,(#2211,#2212,#2213,#2214,#2215,#2216,#2217)
    ,(#2218,#2219,#2220,#2221,#2222,#2223,#2224)
    ,(#2225,#2226,#2227,#2228,#2229,#2230,#2231)
    ,(#2232,#2233,#2234,#2235,#2236,#2237,#2238)
    ,(#2239,#2240,#2241,#2242,#2243,#2244,#2245)
    ,(#2246,#2247,#2248,#2249,#2250,#2251,#2252
)),.UNSPECIFIED.,.F.,.F.,.F.) B_SPLINE_SURFACE_WITH_KNOTS((7,7),(7,7),(
    5.148721293383,7.417649320976),(0.,1.304545336578),
.PIECEWISE_BEZIER_KNOTS.) GEOMETRIC_REPRESENTATION_ITEM() 
RATIONAL_B_SPLINE_SURFACE((
    (1.066784588776,1.066784588776,1.066784588776,1.066784588776
      ,1.066784588776,1.066784588776,1.066784588776)
    ,(1.020271475493,1.020271475493,1.020271475493,1.020271475493
      ,1.020271475493,1.020271475493,1.020271475493)
    ,(0.995708563644,0.995708563644,0.995708563644,0.995708563644
      ,0.995708563644,0.995708563644,0.995708563644)
    ,(0.987595810361,0.987595810361,0.987595810361,0.987595810361
      ,0.987595810361,0.987595810361,0.987595810361)
    ,(0.995708563644,0.995708563644,0.995708563644,0.995708563644
      ,0.995708563644,0.995708563644,0.995708563644)
    ,(1.020271475493,1.020271475493,1.020271475493,1.020271475493
      ,1.020271475493,1.020271475493,1.020271475493)
    ,(1.066784588776,1.066784588776,1.066784588776,1.066784588776
      ,1.066784588776,1.066784588776,1.066784588776
))) REPRESENTATION_ITEM('') SURFACE() );
#2204 = CARTESIAN_POINT('',(-20.41672582898,0.,17.261707129102));
#2205 = CARTESIAN_POINT('',(-20.79481128098,2.85023196774,
    17.195040136979));
#2206 = CARTESIAN_POINT('',(-20.69541633144,5.827161777616,
    17.128373144287));
#2207 = CARTESIAN_POINT('',(-20.07875171738,8.830841238983,
    17.06170615293));
#2208 = CARTESIAN_POINT('',(-18.93284513179,11.74625031545,
    16.99503916205));
#2209 = CARTESIAN_POINT('',(-17.2817935846,14.456097105622,
    16.928372169758));
#2210 = CARTESIAN_POINT('',(-15.18152866526,16.856489653183,
    16.861705178613));
#2211 = CARTESIAN_POINT('',(-20.31325253209,-4.547473508865E-13,
    17.213456738333));
#2212 = CARTESIAN_POINT('',(-20.6913379841,2.8357843482,17.146789746193)
  );
#2213 = CARTESIAN_POINT('',(-20.59436376012,5.798266538528,
    17.080122753485));
#2214 = CARTESIAN_POINT('',(-19.98254065043,8.788005239338,
    17.013455762112));
#2215 = CARTESIAN_POINT('',(-18.84375448652,11.690488196261,
    16.946788771216));
#2216 = CARTESIAN_POINT('',(-17.20181984595,14.388868703935,
    16.880121778908));
#2217 = CARTESIAN_POINT('',(-15.11229161247,16.779593920657,
    16.813454787746));
#2218 = CARTESIAN_POINT('',(-20.23818483229,-4.547473508865E-13,
    17.119879649399));
#2219 = CARTESIAN_POINT('',(-20.61627028432,2.825302906568,
    17.053212657248));
#2220 = CARTESIAN_POINT('',(-20.521052245,5.777303655292,16.986545664528
    ));
#2221 = CARTESIAN_POINT('',(-19.91274154329,8.756928629708,
    16.919878673143));
#2222 = CARTESIAN_POINT('',(-18.77912109321,11.65003396055,
    16.853211682236));
#2223 = CARTESIAN_POINT('',(-17.14380057377,14.340095922421,
    16.786544689916));
#2224 = CARTESIAN_POINT('',(-15.06206157692,16.723807694151,
    16.719877698743));
#2225 = CARTESIAN_POINT('',(-20.21065170478,0.,17.));
#2226 = CARTESIAN_POINT('',(-20.58873715682,2.821458555272,
    16.933333007844));
#2227 = CARTESIAN_POINT('',(-20.49416324501,5.769614952716,
    16.866666015121));
#2228 = CARTESIAN_POINT('',(-19.88714081246,8.745530445055,
    16.799999023731));
#2229 = CARTESIAN_POINT('',(-18.75541502559,11.635196278015,
    16.73333203282));
#2230 = CARTESIAN_POINT('',(-17.12252041148,14.322207187543,
    16.666665040495));
#2231 = CARTESIAN_POINT('',(-15.04363832522,16.703346587103,
    16.599998049318));
#2232 = CARTESIAN_POINT('',(-20.23818483229,-4.547473508865E-13,
    16.880120350572));
#2233 = CARTESIAN_POINT('',(-20.61627028435,2.825302916272,
    16.81345335842));
#2234 = CARTESIAN_POINT('',(-20.52105224183,5.777303674706,
    16.746786365701));
#2235 = CARTESIAN_POINT('',(-19.91274153364,8.756928657814,
    16.680119374316));
#2236 = CARTESIAN_POINT('',(-18.77912107423,11.650033995328,
    16.613452383409));
#2237 = CARTESIAN_POINT('',(-17.14380054333,14.340095961,16.546785391089
    ));
#2238 = CARTESIAN_POINT('',(-15.06206153385,16.723807733226,
    16.480118399915));
#2239 = CARTESIAN_POINT('',(-20.31325253209,0.,16.786543261667));
#2240 = CARTESIAN_POINT('',(-20.69133798417,2.835784365475,
    16.719876269527));
#2241 = CARTESIAN_POINT('',(-20.59436375446,5.798266573102,
    16.65320927682));
#2242 = CARTESIAN_POINT('',(-19.98254063325,8.788005289378,
    16.586542285446));
#2243 = CARTESIAN_POINT('',(-18.84375445272,11.690488258186,
    16.519875294551));
#2244 = CARTESIAN_POINT('',(-17.20181979175,14.388868772633,
    16.453208302242));
#2245 = CARTESIAN_POINT('',(-15.11229153579,16.779593990237,
    16.386541311081));
#2246 = CARTESIAN_POINT('',(-20.41672582898,0.,16.738292870898));
#2247 = CARTESIAN_POINT('',(-20.79481128106,2.850231988921,
    16.671625878774));
#2248 = CARTESIAN_POINT('',(-20.69541632451,5.827161819992,
    16.604958886082));
#2249 = CARTESIAN_POINT('',(-20.07875169632,8.830841300359,
    16.538291894725));
#2250 = CARTESIAN_POINT('',(-18.93284509035,11.746250391348,
    16.471624903845));
#2251 = CARTESIAN_POINT('',(-17.28179351815,14.456097189859,
    16.404957911553));
#2252 = CARTESIAN_POINT('',(-15.18152857124,16.856489738491,
    16.338290920408));
#2253 = ADVANCED_FACE('',(#2254,#2257),#2268,.F.);
#2254 = FACE_BOUND('',#2255,.T.);
#2255 = EDGE_LOOP('',(#2256));
#2256 = ORIENTED_EDGE('',*,*,#2110,.T.);
#2257 = FACE_BOUND('',#2258,.T.);
#2258 = EDGE_LOOP('',(#2259));
#2259 = ORIENTED_EDGE('',*,*,#2260,.F.);
#2260 = EDGE_CURVE('',#2261,#2261,#2263,.T.);
#2261 = VERTEX_POINT('',#2262);
#2262 = CARTESIAN_POINT('',(-25.,3.386180225107E-15,15.25));
#2263 = CIRCLE('',#2264,25.);
#2264 = AXIS2_PLACEMENT_3D('',#2265,#2266,#2267);
#2265 = CARTESIAN_POINT('',(0.,3.386180225107E-15,15.25));
#2266 = DIRECTION('',(0.,2.22044604925E-16,1.));
#2267 = DIRECTION('',(-1.,0.,0.));
#2268 = PLANE('',#2269);
#2269 = AXIS2_PLACEMENT_3D('',#2270,#2271,#2272);
#2270 = CARTESIAN_POINT('',(0.,3.386180225107E-15,15.25));
#2271 = DIRECTION('',(0.,2.22044604925E-16,1.));
#2272 = DIRECTION('',(-1.,-0.,-0.));
#2273 = ADVANCED_FACE('',(#2274),#2279,.T.);
#2274 = FACE_BOUND('',#2275,.T.);
#2275 = EDGE_LOOP('',(#2276,#2277,#2278));
#2276 = ORIENTED_EDGE('',*,*,#2193,.F.);
#2277 = ORIENTED_EDGE('',*,*,#2156,.T.);
#2278 = ORIENTED_EDGE('',*,*,#2092,.T.);
#2279 = B_SPLINE_SURFACE_WITH_KNOTS('',1,6,(
    (#2280,#2281,#2282,#2283,#2284,#2285,#2286)
    ,(#2287,#2288,#2289,#2290,#2291,#2292,#2293
  )),.UNSPECIFIED.,.F.,.F.,.F.,(2,2),(7,7),(-1.746949759956,-0.),(0.,
    1.304545336578),.PIECEWISE_BEZIER_KNOTS.);
#2280 = CARTESIAN_POINT('',(-20.41672582898,-1.24344978758E-14,
    16.738292870868));
#2281 = CARTESIAN_POINT('',(-20.79481128107,2.850231988921,
    16.671625878745));
#2282 = CARTESIAN_POINT('',(-20.69541632452,5.827161820001,
    16.604958886053));
#2283 = CARTESIAN_POINT('',(-20.07875169634,8.830841300353,
    16.538291894696));
#2284 = CARTESIAN_POINT('',(-18.93284509036,11.746250391362,
    16.471624903816));
#2285 = CARTESIAN_POINT('',(-17.28179351816,14.456097189861,
    16.404957911524));
#2286 = CARTESIAN_POINT('',(-15.18152857125,16.856489738497,
    16.338290920379));
#2287 = CARTESIAN_POINT('',(-22.,0.,15.999999999971));
#2288 = CARTESIAN_POINT('',(-22.37808545219,3.071299160121,
    15.933333008094));
#2289 = CARTESIAN_POINT('',(-22.24165026982,6.269296162283,
    15.866666015649));
#2290 = CARTESIAN_POINT('',(-21.55090437453,9.486287215593,
    15.799999024537));
#2291 = CARTESIAN_POINT('',(-20.29604612568,12.599482556703,
    15.733332033903));
#2292 = CARTESIAN_POINT('',(-18.50549411713,15.484778209579,
    15.666665041857));
#2293 = CARTESIAN_POINT('',(-16.24094402629,18.033093323556,
    15.599998050957));
#2294 = ADVANCED_FACE('',(#2295),#2314,.T.);
#2295 = FACE_BOUND('',#2296,.T.);
#2296 = EDGE_LOOP('',(#2297,#2298,#2306,#2313));
#2297 = ORIENTED_EDGE('',*,*,#2260,.T.);
#2298 = ORIENTED_EDGE('',*,*,#2299,.T.);
#2299 = EDGE_CURVE('',#2261,#2300,#2302,.T.);
#2300 = VERTEX_POINT('',#2301);
#2301 = CARTESIAN_POINT('',(-25.,6.272760089132E-15,28.25));
#2302 = LINE('',#2303,#2304);
#2303 = CARTESIAN_POINT('',(-25.,3.386180225107E-15,15.25));
#2304 = VECTOR('',#2305,1.);
#2305 = DIRECTION('',(0.,2.22044604925E-16,1.));
#2306 = ORIENTED_EDGE('',*,*,#2307,.F.);
#2307 = EDGE_CURVE('',#2300,#2300,#2308,.T.);
#2308 = CIRCLE('',#2309,25.);
#2309 = AXIS2_PLACEMENT_3D('',#2310,#2311,#2312);
#2310 = CARTESIAN_POINT('',(0.,6.272760089132E-15,28.25));
#2311 = DIRECTION('',(0.,2.22044604925E-16,1.));
#2312 = DIRECTION('',(-1.,0.,0.));
#2313 = ORIENTED_EDGE('',*,*,#2299,.F.);
#2314 = CYLINDRICAL_SURFACE('',#2315,25.);
#2315 = AXIS2_PLACEMENT_3D('',#2316,#2317,#2318);
#2316 = CARTESIAN_POINT('',(0.,3.386180225107E-15,15.25));
#2317 = DIRECTION('',(0.,2.22044604925E-16,1.));
#2318 = DIRECTION('',(-1.,0.,0.));
#2319 = ADVANCED_FACE('',(#2320),#2323,.T.);
#2320 = FACE_BOUND('',#2321,.T.);
#2321 = EDGE_LOOP('',(#2322));
#2322 = ORIENTED_EDGE('',*,*,#2307,.T.);
#2323 = PLANE('',#2324);
#2324 = AXIS2_PLACEMENT_3D('',#2325,#2326,#2327);
#2325 = CARTESIAN_POINT('',(0.,6.272760089132E-15,28.25));
#2326 = DIRECTION('',(0.,2.22044604925E-16,1.));
#2327 = DIRECTION('',(-1.,0.,0.));
#2328 = ( GEOMETRIC_REPRESENTATION_CONTEXT(3) 
GLOBAL_UNCERTAINTY_ASSIGNED_CONTEXT((#2332)) 
GLOBAL_UNIT_ASSIGNED_CONTEXT((#2329,#2330,#2331)) REPRESENTATION_CONTEXT
('Context #1','3D Context with UNIT and UNCERTAINTY') );
#2329 = ( LENGTH_UNIT() NAMED_UNIT(*) SI_UNIT(.MILLI.,.METRE.) );
#2330 = ( NAMED_UNIT(*) PLANE_ANGLE_UNIT() SI_UNIT($,.RADIAN.) );
#2331 = ( NAMED_UNIT(*) SI_UNIT($,.STERADIAN.) SOLID_ANGLE_UNIT() );
#2332 = UNCERTAINTY_MEASURE_WITH_UNIT(LENGTH_MEASURE(5.E-05),#2329,
  'distance_accuracy_value','confusion accuracy');
#2333 = CONTEXT_DEPENDENT_SHAPE_REPRESENTATION(#2334,#2336);
#2334 = ( REPRESENTATION_RELATIONSHIP('','',#1229,#10) 
REPRESENTATION_RELATIONSHIP_WITH_TRANSFORMATION(#2335) 
SHAPE_REPRESENTATION_RELATIONSHIP() );
#2335 = ITEM_DEFINED_TRANSFORMATION('','',#11,#19);
#2336 = PRODUCT_DEFINITION_SHAPE('Placement','Placement of an item',
  #2337);
#2337 = NEXT_ASSEMBLY_USAGE_OCCURRENCE('4','LidBody','',#5,#1224,$);
#2338 = PRODUCT_RELATED_PRODUCT_CATEGORY('part',$,(#1226));
#2339 = MECHANICAL_DESIGN_GEOMETRIC_PRESENTATION_REPRESENTATION('',(
    #2340),#1211);
#2340 = STYLED_ITEM('color',(#2341),#37);
#2341 = PRESENTATION_STYLE_ASSIGNMENT((#2342,#2348));
#2342 = SURFACE_STYLE_USAGE(.BOTH.,#2343);
#2343 = SURFACE_SIDE_STYLE('',(#2344));
#2344 = SURFACE_STYLE_FILL_AREA(#2345);
#2345 = FILL_AREA_STYLE('',(#2346));
#2346 = FILL_AREA_STYLE_COLOUR('',#2347);
#2347 = COLOUR_RGB('',0.705882360366,0.800000010877,3.137254979461E-02);
#2348 = CURVE_STYLE('',#2349,POSITIVE_LENGTH_MEASURE(0.1),#2350);
#2349 = DRAUGHTING_PRE_DEFINED_CURVE_FONT('continuous');
#2350 = COLOUR_RGB('',9.803921802644E-02,9.803921802644E-02,
  9.803921802644E-02);
#2351 = MECHANICAL_DESIGN_GEOMETRIC_PRESENTATION_REPRESENTATION('',(
    #2352),#2328);
#2352 = STYLED_ITEM('color',(#2353),#1230);
#2353 = PRESENTATION_STYLE_ASSIGNMENT((#2354,#2360));
#2354 = SURFACE_STYLE_USAGE(.BOTH.,#2355);
#2355 = SURFACE_SIDE_STYLE('',(#2356));
#2356 = SURFACE_STYLE_FILL_AREA(#2357);
#2357 = FILL_AREA_STYLE('',(#2358));
#2358 = FILL_AREA_STYLE_COLOUR('',#2359);
#2359 = COLOUR_RGB('',0.266666683833,0.627451011593,0.180392163476);
#2360 = CURVE_STYLE('',#2361,POSITIVE_LENGTH_MEASURE(0.1),#2350);
#2361 = DRAUGHTING_PRE_DEFINED_CURVE_FONT('continuous');
ENDSEC;
END-ISO-10303-21;
